Algoritmo,Tamano_Matriz,Num_Hilos,Repeticion,Tiempo_usec
mmClasicaPosix,100,1,1,9854
mmClasicaPosix,100,1,2,9763
mmClasicaPosix,100,1,3,9059
mmClasicaPosix,100,1,4,7980
mmClasicaPosix,100,1,5,11218
mmClasicaPosix,100,1,6,14367
mmClasicaPosix,100,1,7,6050
mmClasicaPosix,100,1,8,5454
mmClasicaPosix,100,1,9,5939
mmClasicaPosix,100,1,10,9614
mmClasicaPosix,100,1,11,8557
mmClasicaPosix,100,1,12,7815
mmClasicaPosix,100,1,13,9933
mmClasicaPosix,100,1,14,6960
mmClasicaPosix,100,1,15,7097
mmClasicaPosix,100,1,16,6404
mmClasicaPosix,100,1,17,7827
mmClasicaPosix,100,1,18,8534
mmClasicaPosix,100,1,19,5897
mmClasicaPosix,100,1,20,12611
mmClasicaPosix,100,1,21,7431
mmClasicaPosix,100,1,22,12190
mmClasicaPosix,100,1,23,6884
mmClasicaPosix,100,1,24,9219
mmClasicaPosix,100,1,25,8242
mmClasicaPosix,100,1,26,10427
mmClasicaPosix,100,1,27,8539
mmClasicaPosix,100,1,28,10205
mmClasicaPosix,100,1,29,8057
mmClasicaPosix,100,1,30,6239
mmClasicaPosix,100,2,1,9297
mmClasicaPosix,100,2,2,8712
mmClasicaPosix,100,2,3,7029
mmClasicaPosix,100,2,4,8204
mmClasicaPosix,100,2,5,5417
mmClasicaPosix,100,2,6,2771
mmClasicaPosix,100,2,7,4216
mmClasicaPosix,100,2,8,3363
mmClasicaPosix,100,2,9,5014
mmClasicaPosix,100,2,10,4063
mmClasicaPosix,100,2,11,4198
mmClasicaPosix,100,2,12,4681
mmClasicaPosix,100,2,13,5138
mmClasicaPosix,100,2,14,5760
mmClasicaPosix,100,2,15,4157
mmClasicaPosix,100,2,16,8069
mmClasicaPosix,100,2,17,3792
mmClasicaPosix,100,2,18,4491
mmClasicaPosix,100,2,19,3920
mmClasicaPosix,100,2,20,4148
mmClasicaPosix,100,2,21,3092
mmClasicaPosix,100,2,22,5625
mmClasicaPosix,100,2,23,7457
mmClasicaPosix,100,2,24,7137
mmClasicaPosix,100,2,25,7596
mmClasicaPosix,100,2,26,7662
mmClasicaPosix,100,2,27,4306
mmClasicaPosix,100,2,28,4569
mmClasicaPosix,100,2,29,4876
mmClasicaPosix,100,2,30,6114
mmClasicaPosix,100,4,1,3926
mmClasicaPosix,100,4,2,4745
mmClasicaPosix,100,4,3,14254
mmClasicaPosix,100,4,4,6666
mmClasicaPosix,100,4,5,5221
mmClasicaPosix,100,4,6,3795
mmClasicaPosix,100,4,7,10016
mmClasicaPosix,100,4,8,6295
mmClasicaPosix,100,4,9,6574
mmClasicaPosix,100,4,10,3694
mmClasicaPosix,100,4,11,4471
mmClasicaPosix,100,4,12,3839
mmClasicaPosix,100,4,13,5065
mmClasicaPosix,100,4,14,4913
mmClasicaPosix,100,4,15,4458
mmClasicaPosix,100,4,16,4011
mmClasicaPosix,100,4,17,2682
mmClasicaPosix,100,4,18,2827
mmClasicaPosix,100,4,19,5453
mmClasicaPosix,100,4,20,3982
mmClasicaPosix,100,4,21,8400
mmClasicaPosix,100,4,22,4421
mmClasicaPosix,100,4,23,5264
mmClasicaPosix,100,4,24,8166
mmClasicaPosix,100,4,25,3265
mmClasicaPosix,100,4,26,4910
mmClasicaPosix,100,4,27,3418
mmClasicaPosix,100,4,28,2764
mmClasicaPosix,100,4,29,4511
mmClasicaPosix,100,4,30,4610
mmClasicaPosix,100,8,1,4260
mmClasicaPosix,100,8,2,3475
mmClasicaPosix,100,8,3,2805
mmClasicaPosix,100,8,4,3500
mmClasicaPosix,100,8,5,3555
mmClasicaPosix,100,8,6,5055
mmClasicaPosix,100,8,7,7552
mmClasicaPosix,100,8,8,9050
mmClasicaPosix,100,8,9,4096
mmClasicaPosix,100,8,10,4396
mmClasicaPosix,100,8,11,3433
mmClasicaPosix,100,8,12,3012
mmClasicaPosix,100,8,13,3906
mmClasicaPosix,100,8,14,7794
mmClasicaPosix,100,8,15,4243
mmClasicaPosix,100,8,16,3802
mmClasicaPosix,100,8,17,3692
mmClasicaPosix,100,8,18,3791
mmClasicaPosix,100,8,19,3786
mmClasicaPosix,100,8,20,4423
mmClasicaPosix,100,8,21,3928
mmClasicaPosix,100,8,22,3076
mmClasicaPosix,100,8,23,4333
mmClasicaPosix,100,8,24,5062
mmClasicaPosix,100,8,25,6143
mmClasicaPosix,100,8,26,5522
mmClasicaPosix,100,8,27,2535
mmClasicaPosix,100,8,28,2655
mmClasicaPosix,100,8,29,4722
mmClasicaPosix,100,8,30,3859
mmClasicaPosix,100,12,1,3722
mmClasicaPosix,100,12,2,5368
mmClasicaPosix,100,12,3,4156
mmClasicaPosix,100,12,4,4788
mmClasicaPosix,100,12,5,5438
mmClasicaPosix,100,12,6,8476
mmClasicaPosix,100,12,7,2974
mmClasicaPosix,100,12,8,3821
mmClasicaPosix,100,12,9,4118
mmClasicaPosix,100,12,10,3003
mmClasicaPosix,100,12,11,3148
mmClasicaPosix,100,12,12,3452
mmClasicaPosix,100,12,13,3172
mmClasicaPosix,100,12,14,3533
mmClasicaPosix,100,12,15,5116
mmClasicaPosix,100,12,16,3076
mmClasicaPosix,100,12,17,2946
mmClasicaPosix,100,12,18,4008
mmClasicaPosix,100,12,19,4292
mmClasicaPosix,100,12,20,5242
mmClasicaPosix,100,12,21,3457
mmClasicaPosix,100,12,22,3265
mmClasicaPosix,100,12,23,3166
mmClasicaPosix,100,12,24,3686
mmClasicaPosix,100,12,25,3346
mmClasicaPosix,100,12,26,3214
mmClasicaPosix,100,12,27,4858
mmClasicaPosix,100,12,28,7232
mmClasicaPosix,100,12,29,3518
mmClasicaPosix,100,12,30,4191
mmClasicaPosix,100,16,1,4689
mmClasicaPosix,100,16,2,6722
mmClasicaPosix,100,16,3,4836
mmClasicaPosix,100,16,4,5974
mmClasicaPosix,100,16,5,7561
mmClasicaPosix,100,16,6,13191
mmClasicaPosix,100,16,7,4645
mmClasicaPosix,100,16,8,4456
mmClasicaPosix,100,16,9,4613
mmClasicaPosix,100,16,10,3817
mmClasicaPosix,100,16,11,3423
mmClasicaPosix,100,16,12,3269
mmClasicaPosix,100,16,13,2311
mmClasicaPosix,100,16,14,2917
mmClasicaPosix,100,16,15,4000
mmClasicaPosix,100,16,16,3470
mmClasicaPosix,100,16,17,4584
mmClasicaPosix,100,16,18,4070
mmClasicaPosix,100,16,19,3467
mmClasicaPosix,100,16,20,4156
mmClasicaPosix,100,16,21,4829
mmClasicaPosix,100,16,22,4484
mmClasicaPosix,100,16,23,4818
mmClasicaPosix,100,16,24,3416
mmClasicaPosix,100,16,25,3311
mmClasicaPosix,100,16,26,3777
mmClasicaPosix,100,16,27,4087
mmClasicaPosix,100,16,28,6050
mmClasicaPosix,100,16,29,5497
mmClasicaPosix,100,16,30,5417
mmClasicaPosix,500,1,1,809167
mmClasicaPosix,500,1,2,690837
mmClasicaPosix,500,1,3,770573
mmClasicaPosix,500,1,4,627035
mmClasicaPosix,500,1,5,697487
mmClasicaPosix,500,1,6,733463
mmClasicaPosix,500,1,7,687435
mmClasicaPosix,500,1,8,953122
mmClasicaPosix,500,1,9,687402
mmClasicaPosix,500,1,10,867659
mmClasicaPosix,500,1,11,699760
mmClasicaPosix,500,1,12,654464
mmClasicaPosix,500,1,13,770669
mmClasicaPosix,500,1,14,734889
mmClasicaPosix,500,1,15,659561
mmClasicaPosix,500,1,16,712927
mmClasicaPosix,500,1,17,775699
mmClasicaPosix,500,1,18,711379
mmClasicaPosix,500,1,19,721838
mmClasicaPosix,500,1,20,682834
mmClasicaPosix,500,1,21,719987
mmClasicaPosix,500,1,22,737578
mmClasicaPosix,500,1,23,669627
mmClasicaPosix,500,1,24,671607
mmClasicaPosix,500,1,25,745381
mmClasicaPosix,500,1,26,679845
mmClasicaPosix,500,1,27,725756
mmClasicaPosix,500,1,28,693774
mmClasicaPosix,500,1,29,735900
mmClasicaPosix,500,1,30,733623
mmClasicaPosix,500,2,1,396731
mmClasicaPosix,500,2,2,393520
mmClasicaPosix,500,2,3,382367
mmClasicaPosix,500,2,4,365049
mmClasicaPosix,500,2,5,516580
mmClasicaPosix,500,2,6,469437
mmClasicaPosix,500,2,7,453871
mmClasicaPosix,500,2,8,380245
mmClasicaPosix,500,2,9,505967
mmClasicaPosix,500,2,10,445787
mmClasicaPosix,500,2,11,513736
mmClasicaPosix,500,2,12,395188
mmClasicaPosix,500,2,13,509900
mmClasicaPosix,500,2,14,436323
mmClasicaPosix,500,2,15,417594
mmClasicaPosix,500,2,16,354816
mmClasicaPosix,500,2,17,360170
mmClasicaPosix,500,2,18,377917
mmClasicaPosix,500,2,19,361743
mmClasicaPosix,500,2,20,400989
mmClasicaPosix,500,2,21,404411
mmClasicaPosix,500,2,22,380612
mmClasicaPosix,500,2,23,387176
mmClasicaPosix,500,2,24,368369
mmClasicaPosix,500,2,25,392566
mmClasicaPosix,500,2,26,425491
mmClasicaPosix,500,2,27,456877
mmClasicaPosix,500,2,28,376656
mmClasicaPosix,500,2,29,395238
mmClasicaPosix,500,2,30,364852
mmClasicaPosix,500,4,1,319195
mmClasicaPosix,500,4,2,244485
mmClasicaPosix,500,4,3,286016
mmClasicaPosix,500,4,4,246495
mmClasicaPosix,500,4,5,259419
mmClasicaPosix,500,4,6,244791
mmClasicaPosix,500,4,7,235908
mmClasicaPosix,500,4,8,325161
mmClasicaPosix,500,4,9,248458
mmClasicaPosix,500,4,10,262797
mmClasicaPosix,500,4,11,254296
mmClasicaPosix,500,4,12,260142
mmClasicaPosix,500,4,13,314319
mmClasicaPosix,500,4,14,296560
mmClasicaPosix,500,4,15,255071
mmClasicaPosix,500,4,16,262998
mmClasicaPosix,500,4,17,266273
mmClasicaPosix,500,4,18,247540
mmClasicaPosix,500,4,19,367483
mmClasicaPosix,500,4,20,320910
mmClasicaPosix,500,4,21,293432
mmClasicaPosix,500,4,22,327281
mmClasicaPosix,500,4,23,315649
mmClasicaPosix,500,4,24,252816
mmClasicaPosix,500,4,25,291999
mmClasicaPosix,500,4,26,271268
mmClasicaPosix,500,4,27,266167
mmClasicaPosix,500,4,28,261099
mmClasicaPosix,500,4,29,287413
mmClasicaPosix,500,4,30,238045
mmClasicaPosix,500,8,1,278570
mmClasicaPosix,500,8,2,240892
mmClasicaPosix,500,8,3,217580
mmClasicaPosix,500,8,4,226846
mmClasicaPosix,500,8,5,248837
mmClasicaPosix,500,8,6,270153
mmClasicaPosix,500,8,7,245164
mmClasicaPosix,500,8,8,249094
mmClasicaPosix,500,8,9,245593
mmClasicaPosix,500,8,10,237667
mmClasicaPosix,500,8,11,234270
mmClasicaPosix,500,8,12,233644
mmClasicaPosix,500,8,13,266670
mmClasicaPosix,500,8,14,244863
mmClasicaPosix,500,8,15,269803
mmClasicaPosix,500,8,16,246307
mmClasicaPosix,500,8,17,250290
mmClasicaPosix,500,8,18,227159
mmClasicaPosix,500,8,19,229523
mmClasicaPosix,500,8,20,267730
mmClasicaPosix,500,8,21,258396
mmClasicaPosix,500,8,22,227629
mmClasicaPosix,500,8,23,225369
mmClasicaPosix,500,8,24,277333
mmClasicaPosix,500,8,25,249178
mmClasicaPosix,500,8,26,277689
mmClasicaPosix,500,8,27,263387
mmClasicaPosix,500,8,28,223300
mmClasicaPosix,500,8,29,243979
mmClasicaPosix,500,8,30,232457
mmClasicaPosix,500,12,1,271521
mmClasicaPosix,500,12,2,214533
mmClasicaPosix,500,12,3,229428
mmClasicaPosix,500,12,4,227404
mmClasicaPosix,500,12,5,279513
mmClasicaPosix,500,12,6,243612
mmClasicaPosix,500,12,7,260986
mmClasicaPosix,500,12,8,256418
mmClasicaPosix,500,12,9,248649
mmClasicaPosix,500,12,10,233081
mmClasicaPosix,500,12,11,221739
mmClasicaPosix,500,12,12,218637
mmClasicaPosix,500,12,13,215626
mmClasicaPosix,500,12,14,209874
mmClasicaPosix,500,12,15,217748
mmClasicaPosix,500,12,16,224228
mmClasicaPosix,500,12,17,235655
mmClasicaPosix,500,12,18,223152
mmClasicaPosix,500,12,19,230056
mmClasicaPosix,500,12,20,264651
mmClasicaPosix,500,12,21,231783
mmClasicaPosix,500,12,22,217149
mmClasicaPosix,500,12,23,234486
mmClasicaPosix,500,12,24,262290
mmClasicaPosix,500,12,25,219720
mmClasicaPosix,500,12,26,226376
mmClasicaPosix,500,12,27,215058
mmClasicaPosix,500,12,28,231863
mmClasicaPosix,500,12,29,248539
mmClasicaPosix,500,12,30,223617
mmClasicaPosix,500,16,1,282596
mmClasicaPosix,500,16,2,237607
mmClasicaPosix,500,16,3,220424
mmClasicaPosix,500,16,4,249597
mmClasicaPosix,500,16,5,215052
mmClasicaPosix,500,16,6,255757
mmClasicaPosix,500,16,7,223548
mmClasicaPosix,500,16,8,228108
mmClasicaPosix,500,16,9,238076
mmClasicaPosix,500,16,10,252163
mmClasicaPosix,500,16,11,260020
mmClasicaPosix,500,16,12,235372
mmClasicaPosix,500,16,13,235770
mmClasicaPosix,500,16,14,234143
mmClasicaPosix,500,16,15,243524
mmClasicaPosix,500,16,16,244222
mmClasicaPosix,500,16,17,214240
mmClasicaPosix,500,16,18,234766
mmClasicaPosix,500,16,19,233245
mmClasicaPosix,500,16,20,234347
mmClasicaPosix,500,16,21,225542
mmClasicaPosix,500,16,22,236957
mmClasicaPosix,500,16,23,221342
mmClasicaPosix,500,16,24,223196
mmClasicaPosix,500,16,25,230401
mmClasicaPosix,500,16,26,235473
mmClasicaPosix,500,16,27,226817
mmClasicaPosix,500,16,28,243716
mmClasicaPosix,500,16,29,229979
mmClasicaPosix,500,16,30,229827
mmClasicaPosix,1000,1,1,8601049
mmClasicaPosix,1000,1,2,8446816
mmClasicaPosix,1000,1,3,7279162
mmClasicaPosix,1000,1,4,6427108
mmClasicaPosix,1000,1,5,6242838
mmClasicaPosix,1000,1,6,7394491
mmClasicaPosix,1000,1,7,8612136
mmClasicaPosix,1000,1,8,8262202
mmClasicaPosix,1000,1,9,8461105
mmClasicaPosix,1000,1,10,8579627
mmClasicaPosix,1000,1,11,8607274
mmClasicaPosix,1000,1,12,8077070
mmClasicaPosix,1000,1,13,8371807
mmClasicaPosix,1000,1,14,8214009
mmClasicaPosix,1000,1,15,7990576
mmClasicaPosix,1000,1,16,8214519
mmClasicaPosix,1000,1,17,7993324
mmClasicaPosix,1000,1,18,7783462
mmClasicaPosix,1000,1,19,7859971
mmClasicaPosix,1000,1,20,7901914
mmClasicaPosix,1000,1,21,7809881
mmClasicaPosix,1000,1,22,7795854
mmClasicaPosix,1000,1,23,7859770
mmClasicaPosix,1000,1,24,7851368
mmClasicaPosix,1000,1,25,7880498
mmClasicaPosix,1000,1,26,7359308
mmClasicaPosix,1000,1,27,7391788
mmClasicaPosix,1000,1,28,7377838
mmClasicaPosix,1000,1,29,7361524
mmClasicaPosix,1000,1,30,7015677
mmClasicaPosix,1000,2,1,3292689
mmClasicaPosix,1000,2,2,3401359
mmClasicaPosix,1000,2,3,3373736
mmClasicaPosix,1000,2,4,3227265
mmClasicaPosix,1000,2,5,3015490
mmClasicaPosix,1000,2,6,3548012
mmClasicaPosix,1000,2,7,2886680
mmClasicaPosix,1000,2,8,3235395
mmClasicaPosix,1000,2,9,3156216
mmClasicaPosix,1000,2,10,3175953
mmClasicaPosix,1000,2,11,3364763
mmClasicaPosix,1000,2,12,3375515
mmClasicaPosix,1000,2,13,3230921
mmClasicaPosix,1000,2,14,3066799
mmClasicaPosix,1000,2,15,3321996
mmClasicaPosix,1000,2,16,3116772
mmClasicaPosix,1000,2,17,3035895
mmClasicaPosix,1000,2,18,3117336
mmClasicaPosix,1000,2,19,3081412
mmClasicaPosix,1000,2,20,3036484
mmClasicaPosix,1000,2,21,2930700
mmClasicaPosix,1000,2,22,3245439
mmClasicaPosix,1000,2,23,3033306
mmClasicaPosix,1000,2,24,3149940
mmClasicaPosix,1000,2,25,3133392
mmClasicaPosix,1000,2,26,3007568
mmClasicaPosix,1000,2,27,3105901
mmClasicaPosix,1000,2,28,2386737
mmClasicaPosix,1000,2,29,2616868
mmClasicaPosix,1000,2,30,2326655
mmClasicaPosix,1000,4,1,1683880
mmClasicaPosix,1000,4,2,1542509
mmClasicaPosix,1000,4,3,1825903
mmClasicaPosix,1000,4,4,1693260
mmClasicaPosix,1000,4,5,1788172
mmClasicaPosix,1000,4,6,1709644
mmClasicaPosix,1000,4,7,1723298
mmClasicaPosix,1000,4,8,1634058
mmClasicaPosix,1000,4,9,1749812
mmClasicaPosix,1000,4,10,1679936
mmClasicaPosix,1000,4,11,1660900
mmClasicaPosix,1000,4,12,1626519
mmClasicaPosix,1000,4,13,1581556
mmClasicaPosix,1000,4,14,1789182
mmClasicaPosix,1000,4,15,1694894
mmClasicaPosix,1000,4,16,1674920
mmClasicaPosix,1000,4,17,1628519
mmClasicaPosix,1000,4,18,1739972
mmClasicaPosix,1000,4,19,1777658
mmClasicaPosix,1000,4,20,1579834
mmClasicaPosix,1000,4,21,1595120
mmClasicaPosix,1000,4,22,1569427
mmClasicaPosix,1000,4,23,1802696
mmClasicaPosix,1000,4,24,1775826
mmClasicaPosix,1000,4,25,1697896
mmClasicaPosix,1000,4,26,1673108
mmClasicaPosix,1000,4,27,1719112
mmClasicaPosix,1000,4,28,2021973
mmClasicaPosix,1000,4,29,1750924
mmClasicaPosix,1000,4,30,1903890
mmClasicaPosix,1000,8,1,1643673
mmClasicaPosix,1000,8,2,1851409
mmClasicaPosix,1000,8,3,1720465
mmClasicaPosix,1000,8,4,1689324
mmClasicaPosix,1000,8,5,1742382
mmClasicaPosix,1000,8,6,1614380
mmClasicaPosix,1000,8,7,1725792
mmClasicaPosix,1000,8,8,1777433
mmClasicaPosix,1000,8,9,1726191
mmClasicaPosix,1000,8,10,1730135
mmClasicaPosix,1000,8,11,1645032
mmClasicaPosix,1000,8,12,1630892
mmClasicaPosix,1000,8,13,2116442
mmClasicaPosix,1000,8,14,2369110
mmClasicaPosix,1000,8,15,2442988
mmClasicaPosix,1000,8,16,2577050
mmClasicaPosix,1000,8,17,2574492
mmClasicaPosix,1000,8,18,2215125
mmClasicaPosix,1000,8,19,2356095
mmClasicaPosix,1000,8,20,2165626
mmClasicaPosix,1000,8,21,2379844
mmClasicaPosix,1000,8,22,2487818
mmClasicaPosix,1000,8,23,2179974
mmClasicaPosix,1000,8,24,2268577
mmClasicaPosix,1000,8,25,2426495
mmClasicaPosix,1000,8,26,1697525
mmClasicaPosix,1000,8,27,1643788
mmClasicaPosix,1000,8,28,1509419
mmClasicaPosix,1000,8,29,1595866
mmClasicaPosix,1000,8,30,1645783
mmClasicaPosix,1000,12,1,1630569
mmClasicaPosix,1000,12,2,1654622
mmClasicaPosix,1000,12,3,1657308
mmClasicaPosix,1000,12,4,1560192
mmClasicaPosix,1000,12,5,1591353
mmClasicaPosix,1000,12,6,1696078
mmClasicaPosix,1000,12,7,1681437
mmClasicaPosix,1000,12,8,1273321
mmClasicaPosix,1000,12,9,1241776
mmClasicaPosix,1000,12,10,1317901
mmClasicaPosix,1000,12,11,1244841
mmClasicaPosix,1000,12,12,1222694
mmClasicaPosix,1000,12,13,1239623
mmClasicaPosix,1000,12,14,1213503
mmClasicaPosix,1000,12,15,1248368
mmClasicaPosix,1000,12,16,1259515
mmClasicaPosix,1000,12,17,1279611
mmClasicaPosix,1000,12,18,1243160
mmClasicaPosix,1000,12,19,1193460
mmClasicaPosix,1000,12,20,1203298
mmClasicaPosix,1000,12,21,1238780
mmClasicaPosix,1000,12,22,1216054
mmClasicaPosix,1000,12,23,1198716
mmClasicaPosix,1000,12,24,1272994
mmClasicaPosix,1000,12,25,1260981
mmClasicaPosix,1000,12,26,1254158
mmClasicaPosix,1000,12,27,1255488
mmClasicaPosix,1000,12,28,1187598
mmClasicaPosix,1000,12,29,1258297
mmClasicaPosix,1000,12,30,1224433
mmClasicaPosix,1000,16,1,1172866
mmClasicaPosix,1000,16,2,1240869
mmClasicaPosix,1000,16,3,1175533
mmClasicaPosix,1000,16,4,1213255
mmClasicaPosix,1000,16,5,1237410
mmClasicaPosix,1000,16,6,1219973
mmClasicaPosix,1000,16,7,1265486
mmClasicaPosix,1000,16,8,1162740
mmClasicaPosix,1000,16,9,1225909
mmClasicaPosix,1000,16,10,1199226
mmClasicaPosix,1000,16,11,1218589
mmClasicaPosix,1000,16,12,1243431
mmClasicaPosix,1000,16,13,1239467
mmClasicaPosix,1000,16,14,1317332
mmClasicaPosix,1000,16,15,1208965
mmClasicaPosix,1000,16,16,1215810
mmClasicaPosix,1000,16,17,1248342
mmClasicaPosix,1000,16,18,1239667
mmClasicaPosix,1000,16,19,1197012
mmClasicaPosix,1000,16,20,1163876
mmClasicaPosix,1000,16,21,1208299
mmClasicaPosix,1000,16,22,1245834
mmClasicaPosix,1000,16,23,1246837
mmClasicaPosix,1000,16,24,1192080
mmClasicaPosix,1000,16,25,1200766
mmClasicaPosix,1000,16,26,1216150
mmClasicaPosix,1000,16,27,1169406
mmClasicaPosix,1000,16,28,1203106
mmClasicaPosix,1000,16,29,1224732
mmClasicaPosix,1000,16,30,1252609
mmClasicaPosix,1500,1,1,25152700
mmClasicaPosix,1500,1,2,25666001
mmClasicaPosix,1500,1,3,25393312
mmClasicaPosix,1500,1,4,21059562
mmClasicaPosix,1500,1,5,24789200
mmClasicaPosix,1500,1,6,25229947
mmClasicaPosix,1500,1,7,24808894
mmClasicaPosix,1500,1,8,24281027
mmClasicaPosix,1500,1,9,24026164
mmClasicaPosix,1500,1,10,23561656
mmClasicaPosix,1500,1,11,24587581
mmClasicaPosix,1500,1,12,23297606
mmClasicaPosix,1500,1,13,22604848
mmClasicaPosix,1500,1,14,23045504
mmClasicaPosix,1500,1,15,22751500
mmClasicaPosix,1500,1,16,22615966
mmClasicaPosix,1500,1,17,22006764
mmClasicaPosix,1500,1,18,22326015
mmClasicaPosix,1500,1,19,22094073
mmClasicaPosix,1500,1,20,22706955
mmClasicaPosix,1500,1,21,22301665
mmClasicaPosix,1500,1,22,21821407
mmClasicaPosix,1500,1,23,22370952
mmClasicaPosix,1500,1,24,22369151
mmClasicaPosix,1500,1,25,20498652
mmClasicaPosix,1500,1,26,18794349
mmClasicaPosix,1500,1,27,22129269
mmClasicaPosix,1500,1,28,22384241
mmClasicaPosix,1500,1,29,21304353
mmClasicaPosix,1500,1,30,19862701
mmClasicaPosix,1500,2,1,10767359
mmClasicaPosix,1500,2,2,10599814
mmClasicaPosix,1500,2,3,9434016
mmClasicaPosix,1500,2,4,9782621
mmClasicaPosix,1500,2,5,9630656
mmClasicaPosix,1500,2,6,10700447
mmClasicaPosix,1500,2,7,10887597
mmClasicaPosix,1500,2,8,10969800
mmClasicaPosix,1500,2,9,8913282
mmClasicaPosix,1500,2,10,9268494
mmClasicaPosix,1500,2,11,9078313
mmClasicaPosix,1500,2,12,9688851
mmClasicaPosix,1500,2,13,8808152
mmClasicaPosix,1500,2,14,10415937
mmClasicaPosix,1500,2,15,10617181
mmClasicaPosix,1500,2,16,10734883
mmClasicaPosix,1500,2,17,10614051
mmClasicaPosix,1500,2,18,10571709
mmClasicaPosix,1500,2,19,10906280
mmClasicaPosix,1500,2,20,10862434
mmClasicaPosix,1500,2,21,10638617
mmClasicaPosix,1500,2,22,12277706
mmClasicaPosix,1500,2,23,11105242
mmClasicaPosix,1500,2,24,11218199
mmClasicaPosix,1500,2,25,9228846
mmClasicaPosix,1500,2,26,10681074
mmClasicaPosix,1500,2,27,11016957
mmClasicaPosix,1500,2,28,10708211
mmClasicaPosix,1500,2,29,10741770
mmClasicaPosix,1500,2,30,10810470
mmClasicaPosix,1500,4,1,5059892
mmClasicaPosix,1500,4,2,5089444
mmClasicaPosix,1500,4,3,5155088
mmClasicaPosix,1500,4,4,4957383
mmClasicaPosix,1500,4,5,4926654
mmClasicaPosix,1500,4,6,4919939
mmClasicaPosix,1500,4,7,4968786
mmClasicaPosix,1500,4,8,4991689
mmClasicaPosix,1500,4,9,5009862
mmClasicaPosix,1500,4,10,4991114
mmClasicaPosix,1500,4,11,4893120
mmClasicaPosix,1500,4,12,5019304
mmClasicaPosix,1500,4,13,5009290
mmClasicaPosix,1500,4,14,5031227
mmClasicaPosix,1500,4,15,5076161
mmClasicaPosix,1500,4,16,5122775
mmClasicaPosix,1500,4,17,5006876
mmClasicaPosix,1500,4,18,5114329
mmClasicaPosix,1500,4,19,4798094
mmClasicaPosix,1500,4,20,4198034
mmClasicaPosix,1500,4,21,4227178
mmClasicaPosix,1500,4,22,4293553
mmClasicaPosix,1500,4,23,4289037
mmClasicaPosix,1500,4,24,4152081
mmClasicaPosix,1500,4,25,4110340
mmClasicaPosix,1500,4,26,4059888
mmClasicaPosix,1500,4,27,4264265
mmClasicaPosix,1500,4,28,4931201
mmClasicaPosix,1500,4,29,5051528
mmClasicaPosix,1500,4,30,5025630
mmClasicaPosix,1500,8,1,4467156
mmClasicaPosix,1500,8,2,4400786
mmClasicaPosix,1500,8,3,4456729
mmClasicaPosix,1500,8,4,4445459
mmClasicaPosix,1500,8,5,4507548
mmClasicaPosix,1500,8,6,4485172
mmClasicaPosix,1500,8,7,4449655
mmClasicaPosix,1500,8,8,4511241
mmClasicaPosix,1500,8,9,4451203
mmClasicaPosix,1500,8,10,4495419
mmClasicaPosix,1500,8,11,4507512
mmClasicaPosix,1500,8,12,4555102
mmClasicaPosix,1500,8,13,4316221
mmClasicaPosix,1500,8,14,4502236
mmClasicaPosix,1500,8,15,4467540
mmClasicaPosix,1500,8,16,4400460
mmClasicaPosix,1500,8,17,4538823
mmClasicaPosix,1500,8,18,4385176
mmClasicaPosix,1500,8,19,4418061
mmClasicaPosix,1500,8,20,4498894
mmClasicaPosix,1500,8,21,4464821
mmClasicaPosix,1500,8,22,4382428
mmClasicaPosix,1500,8,23,4393166
mmClasicaPosix,1500,8,24,4432404
mmClasicaPosix,1500,8,25,4508037
mmClasicaPosix,1500,8,26,4537642
mmClasicaPosix,1500,8,27,4502026
mmClasicaPosix,1500,8,28,4450521
mmClasicaPosix,1500,8,29,4414117
mmClasicaPosix,1500,8,30,4627661
mmClasicaPosix,1500,12,1,4381086
mmClasicaPosix,1500,12,2,4557883
mmClasicaPosix,1500,12,3,4315254
mmClasicaPosix,1500,12,4,4449860
mmClasicaPosix,1500,12,5,4421495
mmClasicaPosix,1500,12,6,4196661
mmClasicaPosix,1500,12,7,4269435
mmClasicaPosix,1500,12,8,4289471
mmClasicaPosix,1500,12,9,4339232
mmClasicaPosix,1500,12,10,4345608
mmClasicaPosix,1500,12,11,4417877
mmClasicaPosix,1500,12,12,4358560
mmClasicaPosix,1500,12,13,4488384
mmClasicaPosix,1500,12,14,4444356
mmClasicaPosix,1500,12,15,4428968
mmClasicaPosix,1500,12,16,4283560
mmClasicaPosix,1500,12,17,4383840
mmClasicaPosix,1500,12,18,3789147
mmClasicaPosix,1500,12,19,3781022
mmClasicaPosix,1500,12,20,3942930
mmClasicaPosix,1500,12,21,4472250
mmClasicaPosix,1500,12,22,4362206
mmClasicaPosix,1500,12,23,4292371
mmClasicaPosix,1500,12,24,4472649
mmClasicaPosix,1500,12,25,4262104
mmClasicaPosix,1500,12,26,3699203
mmClasicaPosix,1500,12,27,3902755
mmClasicaPosix,1500,12,28,4303074
mmClasicaPosix,1500,12,29,4353661
mmClasicaPosix,1500,12,30,4346246
mmClasicaPosix,1500,16,1,4293990
mmClasicaPosix,1500,16,2,4307600
mmClasicaPosix,1500,16,3,4285009
mmClasicaPosix,1500,16,4,4468910
mmClasicaPosix,1500,16,5,4343863
mmClasicaPosix,1500,16,6,4352757
mmClasicaPosix,1500,16,7,4341235
mmClasicaPosix,1500,16,8,4288011
mmClasicaPosix,1500,16,9,4315901
mmClasicaPosix,1500,16,10,4321465
mmClasicaPosix,1500,16,11,4603128
mmClasicaPosix,1500,16,12,4367357
mmClasicaPosix,1500,16,13,4244974
mmClasicaPosix,1500,16,14,4350193
mmClasicaPosix,1500,16,15,4142221
mmClasicaPosix,1500,16,16,4258444
mmClasicaPosix,1500,16,17,4362014
mmClasicaPosix,1500,16,18,4203621
mmClasicaPosix,1500,16,19,4227976
mmClasicaPosix,1500,16,20,4287233
mmClasicaPosix,1500,16,21,4353709
mmClasicaPosix,1500,16,22,4240514
mmClasicaPosix,1500,16,23,4218513
mmClasicaPosix,1500,16,24,4333695
mmClasicaPosix,1500,16,25,4282622
mmClasicaPosix,1500,16,26,4331589
mmClasicaPosix,1500,16,27,4303099
mmClasicaPosix,1500,16,28,4236266
mmClasicaPosix,1500,16,29,4249418
mmClasicaPosix,1500,16,30,4192871
mmClasicaFork,100,1,1,11444
mmClasicaFork,100,1,2,11894
mmClasicaFork,100,1,3,6426
mmClasicaFork,100,1,4,10551
mmClasicaFork,100,1,5,9379
mmClasicaFork,100,1,6,11847
mmClasicaFork,100,1,7,12100
mmClasicaFork,100,1,8,11818
mmClasicaFork,100,1,9,11814
mmClasicaFork,100,1,10,12297
mmClasicaFork,100,1,11,11980
mmClasicaFork,100,1,12,12248
mmClasicaFork,100,1,13,12164
mmClasicaFork,100,1,14,12000
mmClasicaFork,100,1,15,11874
mmClasicaFork,100,1,16,12119
mmClasicaFork,100,1,17,11806
mmClasicaFork,100,1,18,11950
mmClasicaFork,100,1,19,11824
mmClasicaFork,100,1,20,12126
mmClasicaFork,100,1,21,12093
mmClasicaFork,100,1,22,11845
mmClasicaFork,100,1,23,11977
mmClasicaFork,100,1,24,11891
mmClasicaFork,100,1,25,11344
mmClasicaFork,100,1,26,13253
mmClasicaFork,100,1,27,12599
mmClasicaFork,100,1,28,5539
mmClasicaFork,100,1,29,12550
mmClasicaFork,100,1,30,11928
mmClasicaFork,100,2,1,5557
mmClasicaFork,100,2,2,6915
mmClasicaFork,100,2,3,7323
mmClasicaFork,100,2,4,5891
mmClasicaFork,100,2,5,9000
mmClasicaFork,100,2,6,6684
mmClasicaFork,100,2,7,7858
mmClasicaFork,100,2,8,7048
mmClasicaFork,100,2,9,6341
mmClasicaFork,100,2,10,7020
mmClasicaFork,100,2,11,6727
mmClasicaFork,100,2,12,7194
mmClasicaFork,100,2,13,6624
mmClasicaFork,100,2,14,6743
mmClasicaFork,100,2,15,6839
mmClasicaFork,100,2,16,6590
mmClasicaFork,100,2,17,7774
mmClasicaFork,100,2,18,6262
mmClasicaFork,100,2,19,6593
mmClasicaFork,100,2,20,6834
mmClasicaFork,100,2,21,6933
mmClasicaFork,100,2,22,7126
mmClasicaFork,100,2,23,7039
mmClasicaFork,100,2,24,6212
mmClasicaFork,100,2,25,6312
mmClasicaFork,100,2,26,7508
mmClasicaFork,100,2,27,6399
mmClasicaFork,100,2,28,6395
mmClasicaFork,100,2,29,7802
mmClasicaFork,100,2,30,7171
mmClasicaFork,100,4,1,6837
mmClasicaFork,100,4,2,6392
mmClasicaFork,100,4,3,5353
mmClasicaFork,100,4,4,5476
mmClasicaFork,100,4,5,11301
mmClasicaFork,100,4,6,5183
mmClasicaFork,100,4,7,4355
mmClasicaFork,100,4,8,5047
mmClasicaFork,100,4,9,5152
mmClasicaFork,100,4,10,5038
mmClasicaFork,100,4,11,4982
mmClasicaFork,100,4,12,4392
mmClasicaFork,100,4,13,4494
mmClasicaFork,100,4,14,4191
mmClasicaFork,100,4,15,5096
mmClasicaFork,100,4,16,4707
mmClasicaFork,100,4,17,5656
mmClasicaFork,100,4,18,6330
mmClasicaFork,100,4,19,5616
mmClasicaFork,100,4,20,4587
mmClasicaFork,100,4,21,5288
mmClasicaFork,100,4,22,4319
mmClasicaFork,100,4,23,4355
mmClasicaFork,100,4,24,4996
mmClasicaFork,100,4,25,5675
mmClasicaFork,100,4,26,4967
mmClasicaFork,100,4,27,5110
mmClasicaFork,100,4,28,4749
mmClasicaFork,100,4,29,5091
mmClasicaFork,100,4,30,7355
mmClasicaFork,100,8,1,6639
mmClasicaFork,100,8,2,7912
mmClasicaFork,100,8,3,7754
mmClasicaFork,100,8,4,7959
mmClasicaFork,100,8,5,15826
mmClasicaFork,100,8,6,5816
mmClasicaFork,100,8,7,5949
mmClasicaFork,100,8,8,6636
mmClasicaFork,100,8,9,5648
mmClasicaFork,100,8,10,6150
mmClasicaFork,100,8,11,5349
mmClasicaFork,100,8,12,5719
mmClasicaFork,100,8,13,6255
mmClasicaFork,100,8,14,6250
mmClasicaFork,100,8,15,5786
mmClasicaFork,100,8,16,6784
mmClasicaFork,100,8,17,6385
mmClasicaFork,100,8,18,7258
mmClasicaFork,100,8,19,5856
mmClasicaFork,100,8,20,6692
mmClasicaFork,100,8,21,6025
mmClasicaFork,100,8,22,7988
mmClasicaFork,100,8,23,6160
mmClasicaFork,100,8,24,5661
mmClasicaFork,100,8,25,6329
mmClasicaFork,100,8,26,7201
mmClasicaFork,100,8,27,7356
mmClasicaFork,100,8,28,6788
mmClasicaFork,100,8,29,5552
mmClasicaFork,100,8,30,6261
mmClasicaFork,100,12,1,7449
mmClasicaFork,100,12,2,7668
mmClasicaFork,100,12,3,8076
mmClasicaFork,100,12,4,7420
mmClasicaFork,100,12,5,15816
mmClasicaFork,100,12,6,5825
mmClasicaFork,100,12,7,6006
mmClasicaFork,100,12,8,7132
mmClasicaFork,100,12,9,7061
mmClasicaFork,100,12,10,7574
mmClasicaFork,100,12,11,7386
mmClasicaFork,100,12,12,7726
mmClasicaFork,100,12,13,7209
mmClasicaFork,100,12,14,7342
mmClasicaFork,100,12,15,7237
mmClasicaFork,100,12,16,7445
mmClasicaFork,100,12,17,7974
mmClasicaFork,100,12,18,7096
mmClasicaFork,100,12,19,7103
mmClasicaFork,100,12,20,7682
mmClasicaFork,100,12,21,7124
mmClasicaFork,100,12,22,7953
mmClasicaFork,100,12,23,6979
mmClasicaFork,100,12,24,7136
mmClasicaFork,100,12,25,6230
mmClasicaFork,100,12,26,6067
mmClasicaFork,100,12,27,6394
mmClasicaFork,100,12,28,6778
mmClasicaFork,100,12,29,7759
mmClasicaFork,100,12,30,7099
mmClasicaFork,100,16,1,9977
mmClasicaFork,100,16,2,9504
mmClasicaFork,100,16,3,8733
mmClasicaFork,100,16,4,13669
mmClasicaFork,100,16,5,8925
mmClasicaFork,100,16,6,8348
mmClasicaFork,100,16,7,7811
mmClasicaFork,100,16,8,7451
mmClasicaFork,100,16,9,8700
mmClasicaFork,100,16,10,9034
mmClasicaFork,100,16,11,9595
mmClasicaFork,100,16,12,8504
mmClasicaFork,100,16,13,7548
mmClasicaFork,100,16,14,7820
mmClasicaFork,100,16,15,7881
mmClasicaFork,100,16,16,8416
mmClasicaFork,100,16,17,8303
mmClasicaFork,100,16,18,8340
mmClasicaFork,100,16,19,7323
mmClasicaFork,100,16,20,7583
mmClasicaFork,100,16,21,8665
mmClasicaFork,100,16,22,7968
mmClasicaFork,100,16,23,7791
mmClasicaFork,100,16,24,7830
mmClasicaFork,100,16,25,7384
mmClasicaFork,100,16,26,7492
mmClasicaFork,100,16,27,8598
mmClasicaFork,100,16,28,7723
mmClasicaFork,100,16,29,8276
mmClasicaFork,100,16,30,8368
mmClasicaFork,500,1,1,602784
mmClasicaFork,500,1,2,583825
mmClasicaFork,500,1,3,585737
mmClasicaFork,500,1,4,606901
mmClasicaFork,500,1,5,581033
mmClasicaFork,500,1,6,584261
mmClasicaFork,500,1,7,576693
mmClasicaFork,500,1,8,618991
mmClasicaFork,500,1,9,595242
mmClasicaFork,500,1,10,636946
mmClasicaFork,500,1,11,665842
mmClasicaFork,500,1,12,586489
mmClasicaFork,500,1,13,590886
mmClasicaFork,500,1,14,586376
mmClasicaFork,500,1,15,633525
mmClasicaFork,500,1,16,592783
mmClasicaFork,500,1,17,585810
mmClasicaFork,500,1,18,586430
mmClasicaFork,500,1,19,598411
mmClasicaFork,500,1,20,593139
mmClasicaFork,500,1,21,561235
mmClasicaFork,500,1,22,597876
mmClasicaFork,500,1,23,639743
mmClasicaFork,500,1,24,643636
mmClasicaFork,500,1,25,565117
mmClasicaFork,500,1,26,575478
mmClasicaFork,500,1,27,575670
mmClasicaFork,500,1,28,590140
mmClasicaFork,500,1,29,593122
mmClasicaFork,500,1,30,666086
mmClasicaFork,500,2,1,327388
mmClasicaFork,500,2,2,339819
mmClasicaFork,500,2,3,377469
mmClasicaFork,500,2,4,340502
mmClasicaFork,500,2,5,315723
mmClasicaFork,500,2,6,374185
mmClasicaFork,500,2,7,319501
mmClasicaFork,500,2,8,335121
mmClasicaFork,500,2,9,362518
mmClasicaFork,500,2,10,318356
mmClasicaFork,500,2,11,337639
mmClasicaFork,500,2,12,329634
mmClasicaFork,500,2,13,339601
mmClasicaFork,500,2,14,321587
mmClasicaFork,500,2,15,369785
mmClasicaFork,500,2,16,327710
mmClasicaFork,500,2,17,342733
mmClasicaFork,500,2,18,399993
mmClasicaFork,500,2,19,329843
mmClasicaFork,500,2,20,322519
mmClasicaFork,500,2,21,324962
mmClasicaFork,500,2,22,329338
mmClasicaFork,500,2,23,328227
mmClasicaFork,500,2,24,370218
mmClasicaFork,500,2,25,340539
mmClasicaFork,500,2,26,362072
mmClasicaFork,500,2,27,428268
mmClasicaFork,500,2,28,350212
mmClasicaFork,500,2,29,328835
mmClasicaFork,500,2,30,386951
mmClasicaFork,500,4,1,195930
mmClasicaFork,500,4,2,190597
mmClasicaFork,500,4,3,194267
mmClasicaFork,500,4,4,186915
mmClasicaFork,500,4,5,188773
mmClasicaFork,500,4,6,186846
mmClasicaFork,500,4,7,188251
mmClasicaFork,500,4,8,195318
mmClasicaFork,500,4,9,186929
mmClasicaFork,500,4,10,192553
mmClasicaFork,500,4,11,187657
mmClasicaFork,500,4,12,201715
mmClasicaFork,500,4,13,218057
mmClasicaFork,500,4,14,215712
mmClasicaFork,500,4,15,213508
mmClasicaFork,500,4,16,195656
mmClasicaFork,500,4,17,200601
mmClasicaFork,500,4,18,236319
mmClasicaFork,500,4,19,187926
mmClasicaFork,500,4,20,204197
mmClasicaFork,500,4,21,192196
mmClasicaFork,500,4,22,203383
mmClasicaFork,500,4,23,193710
mmClasicaFork,500,4,24,191807
mmClasicaFork,500,4,25,195008
mmClasicaFork,500,4,26,190264
mmClasicaFork,500,4,27,198808
mmClasicaFork,500,4,28,199414
mmClasicaFork,500,4,29,195950
mmClasicaFork,500,4,30,186144
mmClasicaFork,500,8,1,195817
mmClasicaFork,500,8,2,200185
mmClasicaFork,500,8,3,180608
mmClasicaFork,500,8,4,176518
mmClasicaFork,500,8,5,191777
mmClasicaFork,500,8,6,181723
mmClasicaFork,500,8,7,183814
mmClasicaFork,500,8,8,176168
mmClasicaFork,500,8,9,174704
mmClasicaFork,500,8,10,178265
mmClasicaFork,500,8,11,188797
mmClasicaFork,500,8,12,172654
mmClasicaFork,500,8,13,169203
mmClasicaFork,500,8,14,190085
mmClasicaFork,500,8,15,176213
mmClasicaFork,500,8,16,185359
mmClasicaFork,500,8,17,190328
mmClasicaFork,500,8,18,178349
mmClasicaFork,500,8,19,180780
mmClasicaFork,500,8,20,178028
mmClasicaFork,500,8,21,174240
mmClasicaFork,500,8,22,170872
mmClasicaFork,500,8,23,173906
mmClasicaFork,500,8,24,178576
mmClasicaFork,500,8,25,187033
mmClasicaFork,500,8,26,177919
mmClasicaFork,500,8,27,189055
mmClasicaFork,500,8,28,188128
mmClasicaFork,500,8,29,185761
mmClasicaFork,500,8,30,186975
mmClasicaFork,500,12,1,196782
mmClasicaFork,500,12,2,174338
mmClasicaFork,500,12,3,189103
mmClasicaFork,500,12,4,171583
mmClasicaFork,500,12,5,192175
mmClasicaFork,500,12,6,183356
mmClasicaFork,500,12,7,198231
mmClasicaFork,500,12,8,190675
mmClasicaFork,500,12,9,186616
mmClasicaFork,500,12,10,180365
mmClasicaFork,500,12,11,186851
mmClasicaFork,500,12,12,169700
mmClasicaFork,500,12,13,170051
mmClasicaFork,500,12,14,196186
mmClasicaFork,500,12,15,201191
mmClasicaFork,500,12,16,189008
mmClasicaFork,500,12,17,186628
mmClasicaFork,500,12,18,181839
mmClasicaFork,500,12,19,183974
mmClasicaFork,500,12,20,191448
mmClasicaFork,500,12,21,181318
mmClasicaFork,500,12,22,188100
mmClasicaFork,500,12,23,186230
mmClasicaFork,500,12,24,186178
mmClasicaFork,500,12,25,194321
mmClasicaFork,500,12,26,192027
mmClasicaFork,500,12,27,197789
mmClasicaFork,500,12,28,190056
mmClasicaFork,500,12,29,199502
mmClasicaFork,500,12,30,193301
mmClasicaFork,500,16,1,202782
mmClasicaFork,500,16,2,185403
mmClasicaFork,500,16,3,179937
mmClasicaFork,500,16,4,180474
mmClasicaFork,500,16,5,176974
mmClasicaFork,500,16,6,182852
mmClasicaFork,500,16,7,181297
mmClasicaFork,500,16,8,179376
mmClasicaFork,500,16,9,182937
mmClasicaFork,500,16,10,180525
mmClasicaFork,500,16,11,189695
mmClasicaFork,500,16,12,173789
mmClasicaFork,500,16,13,172123
mmClasicaFork,500,16,14,193678
mmClasicaFork,500,16,15,182460
mmClasicaFork,500,16,16,175770
mmClasicaFork,500,16,17,171386
mmClasicaFork,500,16,18,197071
mmClasicaFork,500,16,19,187187
mmClasicaFork,500,16,20,176584
mmClasicaFork,500,16,21,168662
mmClasicaFork,500,16,22,177955
mmClasicaFork,500,16,23,178303
mmClasicaFork,500,16,24,182235
mmClasicaFork,500,16,25,179802
mmClasicaFork,500,16,26,176122
mmClasicaFork,500,16,27,172889
mmClasicaFork,500,16,28,167313
mmClasicaFork,500,16,29,173921
mmClasicaFork,500,16,30,202822
mmClasicaFork,1000,1,1,4775166
mmClasicaFork,1000,1,2,4713094
mmClasicaFork,1000,1,3,4795726
mmClasicaFork,1000,1,4,4899541
mmClasicaFork,1000,1,5,4909511
mmClasicaFork,1000,1,6,4832096
mmClasicaFork,1000,1,7,5068945
mmClasicaFork,1000,1,8,5114878
mmClasicaFork,1000,1,9,4762458
mmClasicaFork,1000,1,10,4705137
mmClasicaFork,1000,1,11,4630841
mmClasicaFork,1000,1,12,4647528
mmClasicaFork,1000,1,13,4871323
mmClasicaFork,1000,1,14,5400262
mmClasicaFork,1000,1,15,4630031
mmClasicaFork,1000,1,16,4676524
mmClasicaFork,1000,1,17,5325100
mmClasicaFork,1000,1,18,4597653
mmClasicaFork,1000,1,19,5005924
mmClasicaFork,1000,1,20,5261347
mmClasicaFork,1000,1,21,4539131
mmClasicaFork,1000,1,22,4649735
mmClasicaFork,1000,1,23,4633568
mmClasicaFork,1000,1,24,5007866
mmClasicaFork,1000,1,25,4874140
mmClasicaFork,1000,1,26,4888546
mmClasicaFork,1000,1,27,4633674
mmClasicaFork,1000,1,28,4980792
mmClasicaFork,1000,1,29,4949930
mmClasicaFork,1000,1,30,4878564
mmClasicaFork,1000,2,1,2406895
mmClasicaFork,1000,2,2,2492878
mmClasicaFork,1000,2,3,2442339
mmClasicaFork,1000,2,4,2763625
mmClasicaFork,1000,2,5,2485912
mmClasicaFork,1000,2,6,2633552
mmClasicaFork,1000,2,7,2372995
mmClasicaFork,1000,2,8,2894089
mmClasicaFork,1000,2,9,2799885
mmClasicaFork,1000,2,10,2602515
mmClasicaFork,1000,2,11,2773295
mmClasicaFork,1000,2,12,2553644
mmClasicaFork,1000,2,13,2610129
mmClasicaFork,1000,2,14,2476805
mmClasicaFork,1000,2,15,2402219
mmClasicaFork,1000,2,16,2637204
mmClasicaFork,1000,2,17,2402084
mmClasicaFork,1000,2,18,2635606
mmClasicaFork,1000,2,19,2324830
mmClasicaFork,1000,2,20,2394049
mmClasicaFork,1000,2,21,2510326
mmClasicaFork,1000,2,22,2400811
mmClasicaFork,1000,2,23,2708069
mmClasicaFork,1000,2,24,2755879
mmClasicaFork,1000,2,25,2605088
mmClasicaFork,1000,2,26,2306411
mmClasicaFork,1000,2,27,2511067
mmClasicaFork,1000,2,28,2356885
mmClasicaFork,1000,2,29,2481124
mmClasicaFork,1000,2,30,2706830
mmClasicaFork,1000,4,1,1299107
mmClasicaFork,1000,4,2,1317240
mmClasicaFork,1000,4,3,1300606
mmClasicaFork,1000,4,4,1195807
mmClasicaFork,1000,4,5,1206271
mmClasicaFork,1000,4,6,1203041
mmClasicaFork,1000,4,7,1184598
mmClasicaFork,1000,4,8,1180273
mmClasicaFork,1000,4,9,1256966
mmClasicaFork,1000,4,10,1167642
mmClasicaFork,1000,4,11,1234275
mmClasicaFork,1000,4,12,1311219
mmClasicaFork,1000,4,13,1167954
mmClasicaFork,1000,4,14,1232747
mmClasicaFork,1000,4,15,1178143
mmClasicaFork,1000,4,16,1262387
mmClasicaFork,1000,4,17,1174420
mmClasicaFork,1000,4,18,1255030
mmClasicaFork,1000,4,19,1257412
mmClasicaFork,1000,4,20,1191105
mmClasicaFork,1000,4,21,1253125
mmClasicaFork,1000,4,22,1183230
mmClasicaFork,1000,4,23,1252631
mmClasicaFork,1000,4,24,1209828
mmClasicaFork,1000,4,25,1260625
mmClasicaFork,1000,4,26,1279167
mmClasicaFork,1000,4,27,1162223
mmClasicaFork,1000,4,28,1211508
mmClasicaFork,1000,4,29,1220317
mmClasicaFork,1000,4,30,1251804
mmClasicaFork,1000,8,1,1187762
mmClasicaFork,1000,8,2,1122959
mmClasicaFork,1000,8,3,1093778
mmClasicaFork,1000,8,4,1133852
mmClasicaFork,1000,8,5,1116456
mmClasicaFork,1000,8,6,1125979
mmClasicaFork,1000,8,7,1095911
mmClasicaFork,1000,8,8,1105946
mmClasicaFork,1000,8,9,1090812
mmClasicaFork,1000,8,10,1078523
mmClasicaFork,1000,8,11,1080887
mmClasicaFork,1000,8,12,1103630
mmClasicaFork,1000,8,13,1265665
mmClasicaFork,1000,8,14,1158984
mmClasicaFork,1000,8,15,1200388
mmClasicaFork,1000,8,16,1216545
mmClasicaFork,1000,8,17,1188946
mmClasicaFork,1000,8,18,1197474
mmClasicaFork,1000,8,19,1167388
mmClasicaFork,1000,8,20,1190131
mmClasicaFork,1000,8,21,1155841
mmClasicaFork,1000,8,22,1248548
mmClasicaFork,1000,8,23,1168776
mmClasicaFork,1000,8,24,1232265
mmClasicaFork,1000,8,25,1165283
mmClasicaFork,1000,8,26,1186550
mmClasicaFork,1000,8,27,1166002
mmClasicaFork,1000,8,28,1188209
mmClasicaFork,1000,8,29,1182260
mmClasicaFork,1000,8,30,1273086
mmClasicaFork,1000,12,1,1247476
mmClasicaFork,1000,12,2,1224631
mmClasicaFork,1000,12,3,1156210
mmClasicaFork,1000,12,4,1155723
mmClasicaFork,1000,12,5,1147509
mmClasicaFork,1000,12,6,1187936
mmClasicaFork,1000,12,7,1183178
mmClasicaFork,1000,12,8,1186972
mmClasicaFork,1000,12,9,1219987
mmClasicaFork,1000,12,10,1217919
mmClasicaFork,1000,12,11,1191793
mmClasicaFork,1000,12,12,1206074
mmClasicaFork,1000,12,13,1200506
mmClasicaFork,1000,12,14,1176630
mmClasicaFork,1000,12,15,1183917
mmClasicaFork,1000,12,16,1201776
mmClasicaFork,1000,12,17,1346157
mmClasicaFork,1000,12,18,1181314
mmClasicaFork,1000,12,19,1197567
mmClasicaFork,1000,12,20,1268416
mmClasicaFork,1000,12,21,1192484
mmClasicaFork,1000,12,22,1199458
mmClasicaFork,1000,12,23,1239119
mmClasicaFork,1000,12,24,1224175
mmClasicaFork,1000,12,25,1195132
mmClasicaFork,1000,12,26,1238345
mmClasicaFork,1000,12,27,1224601
mmClasicaFork,1000,12,28,1220767
mmClasicaFork,1000,12,29,1174131
mmClasicaFork,1000,12,30,1209748
mmClasicaFork,1000,16,1,1202182
mmClasicaFork,1000,16,2,1219716
mmClasicaFork,1000,16,3,1201224
mmClasicaFork,1000,16,4,1218192
mmClasicaFork,1000,16,5,1177970
mmClasicaFork,1000,16,6,1160161
mmClasicaFork,1000,16,7,1217427
mmClasicaFork,1000,16,8,1201125
mmClasicaFork,1000,16,9,1218248
mmClasicaFork,1000,16,10,1308133
mmClasicaFork,1000,16,11,1187021
mmClasicaFork,1000,16,12,1231822
mmClasicaFork,1000,16,13,1194746
mmClasicaFork,1000,16,14,1185353
mmClasicaFork,1000,16,15,1198795
mmClasicaFork,1000,16,16,1206245
mmClasicaFork,1000,16,17,1211291
mmClasicaFork,1000,16,18,1216766
mmClasicaFork,1000,16,19,1225135
mmClasicaFork,1000,16,20,1190786
mmClasicaFork,1000,16,21,1207336
mmClasicaFork,1000,16,22,1189579
mmClasicaFork,1000,16,23,1194245
mmClasicaFork,1000,16,24,1190880
mmClasicaFork,1000,16,25,1164369
mmClasicaFork,1000,16,26,1166696
mmClasicaFork,1000,16,27,1211914
mmClasicaFork,1000,16,28,1201246
mmClasicaFork,1000,16,29,1225041
mmClasicaFork,1000,16,30,1235246
mmClasicaFork,1500,1,1,20995403
mmClasicaFork,1500,1,2,21965753
mmClasicaFork,1500,1,3,21775678
mmClasicaFork,1500,1,4,22277823
mmClasicaFork,1500,1,5,22112569
mmClasicaFork,1500,1,6,22753681
mmClasicaFork,1500,1,7,21997379
mmClasicaFork,1500,1,8,19780712
mmClasicaFork,1500,1,9,22026223
mmClasicaFork,1500,1,10,21687098
mmClasicaFork,1500,1,11,22135642
mmClasicaFork,1500,1,12,22036808
mmClasicaFork,1500,1,13,22670239
mmClasicaFork,1500,1,14,21879235
mmClasicaFork,1500,1,15,22306587
mmClasicaFork,1500,1,16,21987739
mmClasicaFork,1500,1,17,22068615
mmClasicaFork,1500,1,18,22348052
mmClasicaFork,1500,1,19,22262579
mmClasicaFork,1500,1,20,21237516
mmClasicaFork,1500,1,21,20850200
mmClasicaFork,1500,1,22,19039564
mmClasicaFork,1500,1,23,21913331
mmClasicaFork,1500,1,24,19885683
mmClasicaFork,1500,1,25,21006775
mmClasicaFork,1500,1,26,22007330
mmClasicaFork,1500,1,27,21984136
mmClasicaFork,1500,1,28,20743688
mmClasicaFork,1500,1,29,21038375
mmClasicaFork,1500,1,30,21266589
mmClasicaFork,1500,2,1,10703599
mmClasicaFork,1500,2,2,11061649
mmClasicaFork,1500,2,3,10783169
mmClasicaFork,1500,2,4,11481752
mmClasicaFork,1500,2,5,10688439
mmClasicaFork,1500,2,6,10671621
mmClasicaFork,1500,2,7,10773339
mmClasicaFork,1500,2,8,10733750
mmClasicaFork,1500,2,9,11188707
mmClasicaFork,1500,2,10,10695625
mmClasicaFork,1500,2,11,11002838
mmClasicaFork,1500,2,12,10323981
mmClasicaFork,1500,2,13,10721792
mmClasicaFork,1500,2,14,10760213
mmClasicaFork,1500,2,15,10644547
mmClasicaFork,1500,2,16,10636347
mmClasicaFork,1500,2,17,10872495
mmClasicaFork,1500,2,18,11132495
mmClasicaFork,1500,2,19,10652401
mmClasicaFork,1500,2,20,10876956
mmClasicaFork,1500,2,21,9258710
mmClasicaFork,1500,2,22,10372495
mmClasicaFork,1500,2,23,11220803
mmClasicaFork,1500,2,24,10945116
mmClasicaFork,1500,2,25,10802287
mmClasicaFork,1500,2,26,11462593
mmClasicaFork,1500,2,27,11433131
mmClasicaFork,1500,2,28,11133645
mmClasicaFork,1500,2,29,10782389
mmClasicaFork,1500,2,30,10872224
mmClasicaFork,1500,4,1,5118456
mmClasicaFork,1500,4,2,5068719
mmClasicaFork,1500,4,3,5019598
mmClasicaFork,1500,4,4,5120356
mmClasicaFork,1500,4,5,5168703
mmClasicaFork,1500,4,6,4929474
mmClasicaFork,1500,4,7,4966404
mmClasicaFork,1500,4,8,5000120
mmClasicaFork,1500,4,9,5108734
mmClasicaFork,1500,4,10,4978193
mmClasicaFork,1500,4,11,5060004
mmClasicaFork,1500,4,12,4979464
mmClasicaFork,1500,4,13,4977767
mmClasicaFork,1500,4,14,4951974
mmClasicaFork,1500,4,15,5285249
mmClasicaFork,1500,4,16,4968224
mmClasicaFork,1500,4,17,5229070
mmClasicaFork,1500,4,18,4970207
mmClasicaFork,1500,4,19,4951285
mmClasicaFork,1500,4,20,4916692
mmClasicaFork,1500,4,21,5067001
mmClasicaFork,1500,4,22,5048897
mmClasicaFork,1500,4,23,5041855
mmClasicaFork,1500,4,24,5028812
mmClasicaFork,1500,4,25,4974672
mmClasicaFork,1500,4,26,4960965
mmClasicaFork,1500,4,27,5007028
mmClasicaFork,1500,4,28,5117094
mmClasicaFork,1500,4,29,5084853
mmClasicaFork,1500,4,30,5149822
mmClasicaFork,1500,8,1,4599458
mmClasicaFork,1500,8,2,4398153
mmClasicaFork,1500,8,3,3925375
mmClasicaFork,1500,8,4,4474551
mmClasicaFork,1500,8,5,4868686
mmClasicaFork,1500,8,6,4696718
mmClasicaFork,1500,8,7,4667961
mmClasicaFork,1500,8,8,4594318
mmClasicaFork,1500,8,9,4656913
mmClasicaFork,1500,8,10,4800937
mmClasicaFork,1500,8,11,4536326
mmClasicaFork,1500,8,12,4569197
mmClasicaFork,1500,8,13,4670602
mmClasicaFork,1500,8,14,4534642
mmClasicaFork,1500,8,15,4594467
mmClasicaFork,1500,8,16,4561670
mmClasicaFork,1500,8,17,4553673
mmClasicaFork,1500,8,18,4599426
mmClasicaFork,1500,8,19,4512353
mmClasicaFork,1500,8,20,4459072
mmClasicaFork,1500,8,21,4517947
mmClasicaFork,1500,8,22,3857451
mmClasicaFork,1500,8,23,3837981
mmClasicaFork,1500,8,24,3824733
mmClasicaFork,1500,8,25,4260886
mmClasicaFork,1500,8,26,4590050
mmClasicaFork,1500,8,27,4529782
mmClasicaFork,1500,8,28,4605032
mmClasicaFork,1500,8,29,4531576
mmClasicaFork,1500,8,30,4530319
mmClasicaFork,1500,12,1,4637936
mmClasicaFork,1500,12,2,4420260
mmClasicaFork,1500,12,3,4466526
mmClasicaFork,1500,12,4,4393289
mmClasicaFork,1500,12,5,4395612
mmClasicaFork,1500,12,6,4483220
mmClasicaFork,1500,12,7,4381614
mmClasicaFork,1500,12,8,4529905
mmClasicaFork,1500,12,9,4557558
mmClasicaFork,1500,12,10,4577920
mmClasicaFork,1500,12,11,4551842
mmClasicaFork,1500,12,12,4576944
mmClasicaFork,1500,12,13,4578856
mmClasicaFork,1500,12,14,4462640
mmClasicaFork,1500,12,15,4414503
mmClasicaFork,1500,12,16,4377886
mmClasicaFork,1500,12,17,4423322
mmClasicaFork,1500,12,18,4698364
mmClasicaFork,1500,12,19,4459486
mmClasicaFork,1500,12,20,4341573
mmClasicaFork,1500,12,21,4574617
mmClasicaFork,1500,12,22,4447659
mmClasicaFork,1500,12,23,4529215
mmClasicaFork,1500,12,24,4687054
mmClasicaFork,1500,12,25,4424074
mmClasicaFork,1500,12,26,4453345
mmClasicaFork,1500,12,27,4510318
mmClasicaFork,1500,12,28,4455713
mmClasicaFork,1500,12,29,4309043
mmClasicaFork,1500,12,30,4312413
mmClasicaFork,1500,16,1,4552629
mmClasicaFork,1500,16,2,4446006
mmClasicaFork,1500,16,3,4535108
mmClasicaFork,1500,16,4,4554378
mmClasicaFork,1500,16,5,4611761
mmClasicaFork,1500,16,6,4233428
mmClasicaFork,1500,16,7,3870904
mmClasicaFork,1500,16,8,3917771
mmClasicaFork,1500,16,9,3875838
mmClasicaFork,1500,16,10,3616293
mmClasicaFork,1500,16,11,3943745
mmClasicaFork,1500,16,12,4527686
mmClasicaFork,1500,16,13,4416720
mmClasicaFork,1500,16,14,4482770
mmClasicaFork,1500,16,15,4507472
mmClasicaFork,1500,16,16,4460016
mmClasicaFork,1500,16,17,4497116
mmClasicaFork,1500,16,18,4508624
mmClasicaFork,1500,16,19,4370213
mmClasicaFork,1500,16,20,4364560
mmClasicaFork,1500,16,21,4592507
mmClasicaFork,1500,16,22,4534737
mmClasicaFork,1500,16,23,4547357
mmClasicaFork,1500,16,24,4416636
mmClasicaFork,1500,16,25,4664556
mmClasicaFork,1500,16,26,4499489
mmClasicaFork,1500,16,27,4589759
mmClasicaFork,1500,16,28,4454457
mmClasicaFork,1500,16,29,4291862
mmClasicaFork,1500,16,30,3816795
mmClasicaOpenMP,100,1,1,781
mmClasicaOpenMP,100,1,2,2202
mmClasicaOpenMP,100,1,3,2194
mmClasicaOpenMP,100,1,4,1929
mmClasicaOpenMP,100,1,5,2440
mmClasicaOpenMP,100,1,6,2216
mmClasicaOpenMP,100,1,7,2322
mmClasicaOpenMP,100,1,8,3027
mmClasicaOpenMP,100,1,9,1583
mmClasicaOpenMP,100,1,10,1749
mmClasicaOpenMP,100,1,11,2153
mmClasicaOpenMP,100,1,12,1913
mmClasicaOpenMP,100,1,13,1922
mmClasicaOpenMP,100,1,14,2260
mmClasicaOpenMP,100,1,15,2398
mmClasicaOpenMP,100,1,16,2040
mmClasicaOpenMP,100,1,17,2313
mmClasicaOpenMP,100,1,18,2042
mmClasicaOpenMP,100,1,19,2178
mmClasicaOpenMP,100,1,20,2170
mmClasicaOpenMP,100,1,21,1883
mmClasicaOpenMP,100,1,22,1956
mmClasicaOpenMP,100,1,23,2065
mmClasicaOpenMP,100,1,24,2257
mmClasicaOpenMP,100,1,25,2194
mmClasicaOpenMP,100,1,26,2017
mmClasicaOpenMP,100,1,27,2128
mmClasicaOpenMP,100,1,28,1708
mmClasicaOpenMP,100,1,29,2039
mmClasicaOpenMP,100,1,30,1950
mmClasicaOpenMP,100,2,1,1623
mmClasicaOpenMP,100,2,2,1415
mmClasicaOpenMP,100,2,3,1165
mmClasicaOpenMP,100,2,4,2101
mmClasicaOpenMP,100,2,5,1373
mmClasicaOpenMP,100,2,6,1498
mmClasicaOpenMP,100,2,7,4724
mmClasicaOpenMP,100,2,8,5744
mmClasicaOpenMP,100,2,9,1139
mmClasicaOpenMP,100,2,10,1053
mmClasicaOpenMP,100,2,11,1089
mmClasicaOpenMP,100,2,12,1336
mmClasicaOpenMP,100,2,13,1450
mmClasicaOpenMP,100,2,14,1296
mmClasicaOpenMP,100,2,15,1445
mmClasicaOpenMP,100,2,16,1410
mmClasicaOpenMP,100,2,17,1316
mmClasicaOpenMP,100,2,18,1405
mmClasicaOpenMP,100,2,19,1576
mmClasicaOpenMP,100,2,20,1533
mmClasicaOpenMP,100,2,21,1535
mmClasicaOpenMP,100,2,22,1256
mmClasicaOpenMP,100,2,23,1288
mmClasicaOpenMP,100,2,24,1242
mmClasicaOpenMP,100,2,25,1291
mmClasicaOpenMP,100,2,26,1216
mmClasicaOpenMP,100,2,27,1547
mmClasicaOpenMP,100,2,28,1561
mmClasicaOpenMP,100,2,29,2032
mmClasicaOpenMP,100,2,30,1404
mmClasicaOpenMP,100,4,1,1355
mmClasicaOpenMP,100,4,2,5175
mmClasicaOpenMP,100,4,3,2630
mmClasicaOpenMP,100,4,4,4983
mmClasicaOpenMP,100,4,5,6486
mmClasicaOpenMP,100,4,6,6774
mmClasicaOpenMP,100,4,7,956
mmClasicaOpenMP,100,4,8,960
mmClasicaOpenMP,100,4,9,1202
mmClasicaOpenMP,100,4,10,1722
mmClasicaOpenMP,100,4,11,1236
mmClasicaOpenMP,100,4,12,1016
mmClasicaOpenMP,100,4,13,1101
mmClasicaOpenMP,100,4,14,1131
mmClasicaOpenMP,100,4,15,1528
mmClasicaOpenMP,100,4,16,1044
mmClasicaOpenMP,100,4,17,1387
mmClasicaOpenMP,100,4,18,1002
mmClasicaOpenMP,100,4,19,1156
mmClasicaOpenMP,100,4,20,1037
mmClasicaOpenMP,100,4,21,1060
mmClasicaOpenMP,100,4,22,1001
mmClasicaOpenMP,100,4,23,1459
mmClasicaOpenMP,100,4,24,1265
mmClasicaOpenMP,100,4,25,1021
mmClasicaOpenMP,100,4,26,1349
mmClasicaOpenMP,100,4,27,1289
mmClasicaOpenMP,100,4,28,1684
mmClasicaOpenMP,100,4,29,1448
mmClasicaOpenMP,100,4,30,1337
mmClasicaOpenMP,100,8,1,1724
mmClasicaOpenMP,100,8,2,1830
mmClasicaOpenMP,100,8,3,1436
mmClasicaOpenMP,100,8,4,2215
mmClasicaOpenMP,100,8,5,1665
mmClasicaOpenMP,100,8,6,4304
mmClasicaOpenMP,100,8,7,1428
mmClasicaOpenMP,100,8,8,1389
mmClasicaOpenMP,100,8,9,1638
mmClasicaOpenMP,100,8,10,1672
mmClasicaOpenMP,100,8,11,1453
mmClasicaOpenMP,100,8,12,2248
mmClasicaOpenMP,100,8,13,1417
mmClasicaOpenMP,100,8,14,1556
mmClasicaOpenMP,100,8,15,1498
mmClasicaOpenMP,100,8,16,1458
mmClasicaOpenMP,100,8,17,1596
mmClasicaOpenMP,100,8,18,1813
mmClasicaOpenMP,100,8,19,1999
mmClasicaOpenMP,100,8,20,1418
mmClasicaOpenMP,100,8,21,1842
mmClasicaOpenMP,100,8,22,1689
mmClasicaOpenMP,100,8,23,1783
mmClasicaOpenMP,100,8,24,1746
mmClasicaOpenMP,100,8,25,1648
mmClasicaOpenMP,100,8,26,1555
mmClasicaOpenMP,100,8,27,1550
mmClasicaOpenMP,100,8,28,1694
mmClasicaOpenMP,100,8,29,1540
mmClasicaOpenMP,100,8,30,1514
mmClasicaOpenMP,100,12,1,1795
mmClasicaOpenMP,100,12,2,1874
mmClasicaOpenMP,100,12,3,2183
mmClasicaOpenMP,100,12,4,2664
mmClasicaOpenMP,100,12,5,2925
mmClasicaOpenMP,100,12,6,7981
mmClasicaOpenMP,100,12,7,1688
mmClasicaOpenMP,100,12,8,1355
mmClasicaOpenMP,100,12,9,1895
mmClasicaOpenMP,100,12,10,2037
mmClasicaOpenMP,100,12,11,1856
mmClasicaOpenMP,100,12,12,2024
mmClasicaOpenMP,100,12,13,1983
mmClasicaOpenMP,100,12,14,1940
mmClasicaOpenMP,100,12,15,1866
mmClasicaOpenMP,100,12,16,1827
mmClasicaOpenMP,100,12,17,1706
mmClasicaOpenMP,100,12,18,2136
mmClasicaOpenMP,100,12,19,2007
mmClasicaOpenMP,100,12,20,2069
mmClasicaOpenMP,100,12,21,1907
mmClasicaOpenMP,100,12,22,2577
mmClasicaOpenMP,100,12,23,1913
mmClasicaOpenMP,100,12,24,2436
mmClasicaOpenMP,100,12,25,2297
mmClasicaOpenMP,100,12,26,1976
mmClasicaOpenMP,100,12,27,1891
mmClasicaOpenMP,100,12,28,1821
mmClasicaOpenMP,100,12,29,1889
mmClasicaOpenMP,100,12,30,1937
mmClasicaOpenMP,100,16,1,2886
mmClasicaOpenMP,100,16,2,2367
mmClasicaOpenMP,100,16,3,2478
mmClasicaOpenMP,100,16,4,2453
mmClasicaOpenMP,100,16,5,3081
mmClasicaOpenMP,100,16,6,3503
mmClasicaOpenMP,100,16,7,2323
mmClasicaOpenMP,100,16,8,2046
mmClasicaOpenMP,100,16,9,2136
mmClasicaOpenMP,100,16,10,2229
mmClasicaOpenMP,100,16,11,1829
mmClasicaOpenMP,100,16,12,3073
mmClasicaOpenMP,100,16,13,2535
mmClasicaOpenMP,100,16,14,2695
mmClasicaOpenMP,100,16,15,2496
mmClasicaOpenMP,100,16,16,2140
mmClasicaOpenMP,100,16,17,2093
mmClasicaOpenMP,100,16,18,2107
mmClasicaOpenMP,100,16,19,1966
mmClasicaOpenMP,100,16,20,2864
mmClasicaOpenMP,100,16,21,2055
mmClasicaOpenMP,100,16,22,2621
mmClasicaOpenMP,100,16,23,3028
mmClasicaOpenMP,100,16,24,2598
mmClasicaOpenMP,100,16,25,2261
mmClasicaOpenMP,100,16,26,2558
mmClasicaOpenMP,100,16,27,2418
mmClasicaOpenMP,100,16,28,2157
mmClasicaOpenMP,100,16,29,2120
mmClasicaOpenMP,100,16,30,2304
mmClasicaOpenMP,500,1,1,166649
mmClasicaOpenMP,500,1,2,166529
mmClasicaOpenMP,500,1,3,133098
mmClasicaOpenMP,500,1,4,162392
mmClasicaOpenMP,500,1,5,137263
mmClasicaOpenMP,500,1,6,159305
mmClasicaOpenMP,500,1,7,166184
mmClasicaOpenMP,500,1,8,165918
mmClasicaOpenMP,500,1,9,160503
mmClasicaOpenMP,500,1,10,133101
mmClasicaOpenMP,500,1,11,241749
mmClasicaOpenMP,500,1,12,182526
mmClasicaOpenMP,500,1,13,118510
mmClasicaOpenMP,500,1,14,172554
mmClasicaOpenMP,500,1,15,129339
mmClasicaOpenMP,500,1,16,165141
mmClasicaOpenMP,500,1,17,118052
mmClasicaOpenMP,500,1,18,156955
mmClasicaOpenMP,500,1,19,152911
mmClasicaOpenMP,500,1,20,151306
mmClasicaOpenMP,500,1,21,122950
mmClasicaOpenMP,500,1,22,118540
mmClasicaOpenMP,500,1,23,150840
mmClasicaOpenMP,500,1,24,150277
mmClasicaOpenMP,500,1,25,153430
mmClasicaOpenMP,500,1,26,118253
mmClasicaOpenMP,500,1,27,127986
mmClasicaOpenMP,500,1,28,120808
mmClasicaOpenMP,500,1,29,177366
mmClasicaOpenMP,500,1,30,167774
mmClasicaOpenMP,500,2,1,112560
mmClasicaOpenMP,500,2,2,105859
mmClasicaOpenMP,500,2,3,115531
mmClasicaOpenMP,500,2,4,112748
mmClasicaOpenMP,500,2,5,115520
mmClasicaOpenMP,500,2,6,113481
mmClasicaOpenMP,500,2,7,133702
mmClasicaOpenMP,500,2,8,112985
mmClasicaOpenMP,500,2,9,112558
mmClasicaOpenMP,500,2,10,136982
mmClasicaOpenMP,500,2,11,119661
mmClasicaOpenMP,500,2,12,130253
mmClasicaOpenMP,500,2,13,112012
mmClasicaOpenMP,500,2,14,125487
mmClasicaOpenMP,500,2,15,111137
mmClasicaOpenMP,500,2,16,113800
mmClasicaOpenMP,500,2,17,108839
mmClasicaOpenMP,500,2,18,111519
mmClasicaOpenMP,500,2,19,111547
mmClasicaOpenMP,500,2,20,111052
mmClasicaOpenMP,500,2,21,115048
mmClasicaOpenMP,500,2,22,110845
mmClasicaOpenMP,500,2,23,115136
mmClasicaOpenMP,500,2,24,124238
mmClasicaOpenMP,500,2,25,108056
mmClasicaOpenMP,500,2,26,117736
mmClasicaOpenMP,500,2,27,113050
mmClasicaOpenMP,500,2,28,114634
mmClasicaOpenMP,500,2,29,108045
mmClasicaOpenMP,500,2,30,116639
mmClasicaOpenMP,500,4,1,87326
mmClasicaOpenMP,500,4,2,70626
mmClasicaOpenMP,500,4,3,71711
mmClasicaOpenMP,500,4,4,65430
mmClasicaOpenMP,500,4,5,70273
mmClasicaOpenMP,500,4,6,78823
mmClasicaOpenMP,500,4,7,69136
mmClasicaOpenMP,500,4,8,74455
mmClasicaOpenMP,500,4,9,72704
mmClasicaOpenMP,500,4,10,69699
mmClasicaOpenMP,500,4,11,71672
mmClasicaOpenMP,500,4,12,74257
mmClasicaOpenMP,500,4,13,68376
mmClasicaOpenMP,500,4,14,75936
mmClasicaOpenMP,500,4,15,68809
mmClasicaOpenMP,500,4,16,71599
mmClasicaOpenMP,500,4,17,73776
mmClasicaOpenMP,500,4,18,68581
mmClasicaOpenMP,500,4,19,73280
mmClasicaOpenMP,500,4,20,81493
mmClasicaOpenMP,500,4,21,72821
mmClasicaOpenMP,500,4,22,73748
mmClasicaOpenMP,500,4,23,69565
mmClasicaOpenMP,500,4,24,73174
mmClasicaOpenMP,500,4,25,72908
mmClasicaOpenMP,500,4,26,77660
mmClasicaOpenMP,500,4,27,66489
mmClasicaOpenMP,500,4,28,72801
mmClasicaOpenMP,500,4,29,69542
mmClasicaOpenMP,500,4,30,90209
mmClasicaOpenMP,500,8,1,78091
mmClasicaOpenMP,500,8,2,74984
mmClasicaOpenMP,500,8,3,66887
mmClasicaOpenMP,500,8,4,62624
mmClasicaOpenMP,500,8,5,65599
mmClasicaOpenMP,500,8,6,62453
mmClasicaOpenMP,500,8,7,60189
mmClasicaOpenMP,500,8,8,71520
mmClasicaOpenMP,500,8,9,67577
mmClasicaOpenMP,500,8,10,67318
mmClasicaOpenMP,500,8,11,68943
mmClasicaOpenMP,500,8,12,72350
mmClasicaOpenMP,500,8,13,67239
mmClasicaOpenMP,500,8,14,67755
mmClasicaOpenMP,500,8,15,64366
mmClasicaOpenMP,500,8,16,65823
mmClasicaOpenMP,500,8,17,63966
mmClasicaOpenMP,500,8,18,69045
mmClasicaOpenMP,500,8,19,62821
mmClasicaOpenMP,500,8,20,71674
mmClasicaOpenMP,500,8,21,69325
mmClasicaOpenMP,500,8,22,67405
mmClasicaOpenMP,500,8,23,65253
mmClasicaOpenMP,500,8,24,69184
mmClasicaOpenMP,500,8,25,74347
mmClasicaOpenMP,500,8,26,66206
mmClasicaOpenMP,500,8,27,62554
mmClasicaOpenMP,500,8,28,64772
mmClasicaOpenMP,500,8,29,69479
mmClasicaOpenMP,500,8,30,72874
mmClasicaOpenMP,500,12,1,75109
mmClasicaOpenMP,500,12,2,61951
mmClasicaOpenMP,500,12,3,60418
mmClasicaOpenMP,500,12,4,72688
mmClasicaOpenMP,500,12,5,66941
mmClasicaOpenMP,500,12,6,67372
mmClasicaOpenMP,500,12,7,60051
mmClasicaOpenMP,500,12,8,66958
mmClasicaOpenMP,500,12,9,59391
mmClasicaOpenMP,500,12,10,68082
mmClasicaOpenMP,500,12,11,62177
mmClasicaOpenMP,500,12,12,67517
mmClasicaOpenMP,500,12,13,59775
mmClasicaOpenMP,500,12,14,69474
mmClasicaOpenMP,500,12,15,65174
mmClasicaOpenMP,500,12,16,56928
mmClasicaOpenMP,500,12,17,71199
mmClasicaOpenMP,500,12,18,65984
mmClasicaOpenMP,500,12,19,66668
mmClasicaOpenMP,500,12,20,70993
mmClasicaOpenMP,500,12,21,63197
mmClasicaOpenMP,500,12,22,62169
mmClasicaOpenMP,500,12,23,61008
mmClasicaOpenMP,500,12,24,69444
mmClasicaOpenMP,500,12,25,65557
mmClasicaOpenMP,500,12,26,61289
mmClasicaOpenMP,500,12,27,73267
mmClasicaOpenMP,500,12,28,68344
mmClasicaOpenMP,500,12,29,63862
mmClasicaOpenMP,500,12,30,70336
mmClasicaOpenMP,500,16,1,73666
mmClasicaOpenMP,500,16,2,61115
mmClasicaOpenMP,500,16,3,65210
mmClasicaOpenMP,500,16,4,63691
mmClasicaOpenMP,500,16,5,66270
mmClasicaOpenMP,500,16,6,64378
mmClasicaOpenMP,500,16,7,63079
mmClasicaOpenMP,500,16,8,75144
mmClasicaOpenMP,500,16,9,62344
mmClasicaOpenMP,500,16,10,66463
mmClasicaOpenMP,500,16,11,69060
mmClasicaOpenMP,500,16,12,66068
mmClasicaOpenMP,500,16,13,67925
mmClasicaOpenMP,500,16,14,61712
mmClasicaOpenMP,500,16,15,58978
mmClasicaOpenMP,500,16,16,76639
mmClasicaOpenMP,500,16,17,63996
mmClasicaOpenMP,500,16,18,66239
mmClasicaOpenMP,500,16,19,62279
mmClasicaOpenMP,500,16,20,65985
mmClasicaOpenMP,500,16,21,68632
mmClasicaOpenMP,500,16,22,62638
mmClasicaOpenMP,500,16,23,63077
mmClasicaOpenMP,500,16,24,64198
mmClasicaOpenMP,500,16,25,64708
mmClasicaOpenMP,500,16,26,65177
mmClasicaOpenMP,500,16,27,58987
mmClasicaOpenMP,500,16,28,71207
mmClasicaOpenMP,500,16,29,67397
mmClasicaOpenMP,500,16,30,67355
mmClasicaOpenMP,1000,1,1,1491367
mmClasicaOpenMP,1000,1,2,1396375
mmClasicaOpenMP,1000,1,3,1474532
mmClasicaOpenMP,1000,1,4,1436611
mmClasicaOpenMP,1000,1,5,1505767
mmClasicaOpenMP,1000,1,6,1389017
mmClasicaOpenMP,1000,1,7,1581834
mmClasicaOpenMP,1000,1,8,1534926
mmClasicaOpenMP,1000,1,9,1497691
mmClasicaOpenMP,1000,1,10,1417533
mmClasicaOpenMP,1000,1,11,1437347
mmClasicaOpenMP,1000,1,12,1755311
mmClasicaOpenMP,1000,1,13,1470049
mmClasicaOpenMP,1000,1,14,1848387
mmClasicaOpenMP,1000,1,15,1451277
mmClasicaOpenMP,1000,1,16,1383055
mmClasicaOpenMP,1000,1,17,1697176
mmClasicaOpenMP,1000,1,18,1767297
mmClasicaOpenMP,1000,1,19,1481449
mmClasicaOpenMP,1000,1,20,1434680
mmClasicaOpenMP,1000,1,21,1440657
mmClasicaOpenMP,1000,1,22,1444878
mmClasicaOpenMP,1000,1,23,1467410
mmClasicaOpenMP,1000,1,24,1460021
mmClasicaOpenMP,1000,1,25,1670595
mmClasicaOpenMP,1000,1,26,1377411
mmClasicaOpenMP,1000,1,27,1455478
mmClasicaOpenMP,1000,1,28,1456772
mmClasicaOpenMP,1000,1,29,1392087
mmClasicaOpenMP,1000,1,30,1406548
mmClasicaOpenMP,1000,2,1,850585
mmClasicaOpenMP,1000,2,2,760435
mmClasicaOpenMP,1000,2,3,811892
mmClasicaOpenMP,1000,2,4,754948
mmClasicaOpenMP,1000,2,5,790592
mmClasicaOpenMP,1000,2,6,856634
mmClasicaOpenMP,1000,2,7,839506
mmClasicaOpenMP,1000,2,8,825116
mmClasicaOpenMP,1000,2,9,899653
mmClasicaOpenMP,1000,2,10,726243
mmClasicaOpenMP,1000,2,11,775072
mmClasicaOpenMP,1000,2,12,728225
mmClasicaOpenMP,1000,2,13,784237
mmClasicaOpenMP,1000,2,14,885263
mmClasicaOpenMP,1000,2,15,739300
mmClasicaOpenMP,1000,2,16,846592
mmClasicaOpenMP,1000,2,17,739850
mmClasicaOpenMP,1000,2,18,830016
mmClasicaOpenMP,1000,2,19,747931
mmClasicaOpenMP,1000,2,20,719346
mmClasicaOpenMP,1000,2,21,782722
mmClasicaOpenMP,1000,2,22,749754
mmClasicaOpenMP,1000,2,23,822801
mmClasicaOpenMP,1000,2,24,666656
mmClasicaOpenMP,1000,2,25,777034
mmClasicaOpenMP,1000,2,26,740610
mmClasicaOpenMP,1000,2,27,741659
mmClasicaOpenMP,1000,2,28,686537
mmClasicaOpenMP,1000,2,29,942148
mmClasicaOpenMP,1000,2,30,1046422
mmClasicaOpenMP,1000,4,1,403255
mmClasicaOpenMP,1000,4,2,414093
mmClasicaOpenMP,1000,4,3,396989
mmClasicaOpenMP,1000,4,4,428908
mmClasicaOpenMP,1000,4,5,400215
mmClasicaOpenMP,1000,4,6,419176
mmClasicaOpenMP,1000,4,7,398753
mmClasicaOpenMP,1000,4,8,408705
mmClasicaOpenMP,1000,4,9,480592
mmClasicaOpenMP,1000,4,10,449951
mmClasicaOpenMP,1000,4,11,409692
mmClasicaOpenMP,1000,4,12,404107
mmClasicaOpenMP,1000,4,13,411563
mmClasicaOpenMP,1000,4,14,394747
mmClasicaOpenMP,1000,4,15,444998
mmClasicaOpenMP,1000,4,16,385066
mmClasicaOpenMP,1000,4,17,465983
mmClasicaOpenMP,1000,4,18,425733
mmClasicaOpenMP,1000,4,19,412092
mmClasicaOpenMP,1000,4,20,411853
mmClasicaOpenMP,1000,4,21,417060
mmClasicaOpenMP,1000,4,22,425002
mmClasicaOpenMP,1000,4,23,395079
mmClasicaOpenMP,1000,4,24,418592
mmClasicaOpenMP,1000,4,25,415915
mmClasicaOpenMP,1000,4,26,430979
mmClasicaOpenMP,1000,4,27,433323
mmClasicaOpenMP,1000,4,28,445295
mmClasicaOpenMP,1000,4,29,466410
mmClasicaOpenMP,1000,4,30,397694
mmClasicaOpenMP,1000,8,1,372905
mmClasicaOpenMP,1000,8,2,400383
mmClasicaOpenMP,1000,8,3,378807
mmClasicaOpenMP,1000,8,4,379752
mmClasicaOpenMP,1000,8,5,379431
mmClasicaOpenMP,1000,8,6,396368
mmClasicaOpenMP,1000,8,7,405592
mmClasicaOpenMP,1000,8,8,381402
mmClasicaOpenMP,1000,8,9,425487
mmClasicaOpenMP,1000,8,10,421715
mmClasicaOpenMP,1000,8,11,405479
mmClasicaOpenMP,1000,8,12,389886
mmClasicaOpenMP,1000,8,13,439895
mmClasicaOpenMP,1000,8,14,406496
mmClasicaOpenMP,1000,8,15,392009
mmClasicaOpenMP,1000,8,16,385568
mmClasicaOpenMP,1000,8,17,418297
mmClasicaOpenMP,1000,8,18,383197
mmClasicaOpenMP,1000,8,19,396330
mmClasicaOpenMP,1000,8,20,395382
mmClasicaOpenMP,1000,8,21,404038
mmClasicaOpenMP,1000,8,22,420303
mmClasicaOpenMP,1000,8,23,425372
mmClasicaOpenMP,1000,8,24,398433
mmClasicaOpenMP,1000,8,25,410120
mmClasicaOpenMP,1000,8,26,400818
mmClasicaOpenMP,1000,8,27,376839
mmClasicaOpenMP,1000,8,28,388485
mmClasicaOpenMP,1000,8,29,382875
mmClasicaOpenMP,1000,8,30,420993
mmClasicaOpenMP,1000,12,1,406708
mmClasicaOpenMP,1000,12,2,402419
mmClasicaOpenMP,1000,12,3,406565
mmClasicaOpenMP,1000,12,4,418867
mmClasicaOpenMP,1000,12,5,411063
mmClasicaOpenMP,1000,12,6,380899
mmClasicaOpenMP,1000,12,7,380269
mmClasicaOpenMP,1000,12,8,425336
mmClasicaOpenMP,1000,12,9,412437
mmClasicaOpenMP,1000,12,10,386395
mmClasicaOpenMP,1000,12,11,395047
mmClasicaOpenMP,1000,12,12,399665
mmClasicaOpenMP,1000,12,13,405587
mmClasicaOpenMP,1000,12,14,391410
mmClasicaOpenMP,1000,12,15,436673
mmClasicaOpenMP,1000,12,16,402274
mmClasicaOpenMP,1000,12,17,396717
mmClasicaOpenMP,1000,12,18,398575
mmClasicaOpenMP,1000,12,19,392781
mmClasicaOpenMP,1000,12,20,387979
mmClasicaOpenMP,1000,12,21,400433
mmClasicaOpenMP,1000,12,22,388265
mmClasicaOpenMP,1000,12,23,357800
mmClasicaOpenMP,1000,12,24,376249
mmClasicaOpenMP,1000,12,25,409212
mmClasicaOpenMP,1000,12,26,389093
mmClasicaOpenMP,1000,12,27,385755
mmClasicaOpenMP,1000,12,28,411461
mmClasicaOpenMP,1000,12,29,393136
mmClasicaOpenMP,1000,12,30,367865
mmClasicaOpenMP,1000,16,1,392061
mmClasicaOpenMP,1000,16,2,392778
mmClasicaOpenMP,1000,16,3,388332
mmClasicaOpenMP,1000,16,4,386709
mmClasicaOpenMP,1000,16,5,394524
mmClasicaOpenMP,1000,16,6,381306
mmClasicaOpenMP,1000,16,7,393597
mmClasicaOpenMP,1000,16,8,395358
mmClasicaOpenMP,1000,16,9,411526
mmClasicaOpenMP,1000,16,10,396213
mmClasicaOpenMP,1000,16,11,413887
mmClasicaOpenMP,1000,16,12,384742
mmClasicaOpenMP,1000,16,13,374377
mmClasicaOpenMP,1000,16,14,397996
mmClasicaOpenMP,1000,16,15,379167
mmClasicaOpenMP,1000,16,16,379715
mmClasicaOpenMP,1000,16,17,392358
mmClasicaOpenMP,1000,16,18,380910
mmClasicaOpenMP,1000,16,19,374447
mmClasicaOpenMP,1000,16,20,393846
mmClasicaOpenMP,1000,16,21,428887
mmClasicaOpenMP,1000,16,22,398581
mmClasicaOpenMP,1000,16,23,390774
mmClasicaOpenMP,1000,16,24,374135
mmClasicaOpenMP,1000,16,25,393692
mmClasicaOpenMP,1000,16,26,356118
mmClasicaOpenMP,1000,16,27,388692
mmClasicaOpenMP,1000,16,28,388423
mmClasicaOpenMP,1000,16,29,350805
mmClasicaOpenMP,1000,16,30,384880
mmClasicaOpenMP,1500,1,1,5201165
mmClasicaOpenMP,1500,1,2,5153552
mmClasicaOpenMP,1500,1,3,4258002
mmClasicaOpenMP,1500,1,4,4373023
mmClasicaOpenMP,1500,1,5,4935611
mmClasicaOpenMP,1500,1,6,5331943
mmClasicaOpenMP,1500,1,7,4297295
mmClasicaOpenMP,1500,1,8,4183401
mmClasicaOpenMP,1500,1,9,4124551
mmClasicaOpenMP,1500,1,10,5064933
mmClasicaOpenMP,1500,1,11,5129935
mmClasicaOpenMP,1500,1,12,5034614
mmClasicaOpenMP,1500,1,13,5272508
mmClasicaOpenMP,1500,1,14,4953192
mmClasicaOpenMP,1500,1,15,5071476
mmClasicaOpenMP,1500,1,16,5011834
mmClasicaOpenMP,1500,1,17,6084488
mmClasicaOpenMP,1500,1,18,5421620
mmClasicaOpenMP,1500,1,19,4606880
mmClasicaOpenMP,1500,1,20,4669959
mmClasicaOpenMP,1500,1,21,4716508
mmClasicaOpenMP,1500,1,22,4197722
mmClasicaOpenMP,1500,1,23,5876742
mmClasicaOpenMP,1500,1,24,5724077
mmClasicaOpenMP,1500,1,25,5249448
mmClasicaOpenMP,1500,1,26,5184005
mmClasicaOpenMP,1500,1,27,5244872
mmClasicaOpenMP,1500,1,28,4795334
mmClasicaOpenMP,1500,1,29,4994360
mmClasicaOpenMP,1500,1,30,5610216
mmClasicaOpenMP,1500,2,1,2535893
mmClasicaOpenMP,1500,2,2,2642371
mmClasicaOpenMP,1500,2,3,2645896
mmClasicaOpenMP,1500,2,4,2763347
mmClasicaOpenMP,1500,2,5,2858962
mmClasicaOpenMP,1500,2,6,2987521
mmClasicaOpenMP,1500,2,7,2514651
mmClasicaOpenMP,1500,2,8,2757863
mmClasicaOpenMP,1500,2,9,2604730
mmClasicaOpenMP,1500,2,10,2757500
mmClasicaOpenMP,1500,2,11,2491812
mmClasicaOpenMP,1500,2,12,2460548
mmClasicaOpenMP,1500,2,13,2429632
mmClasicaOpenMP,1500,2,14,2707806
mmClasicaOpenMP,1500,2,15,3119496
mmClasicaOpenMP,1500,2,16,3072859
mmClasicaOpenMP,1500,2,17,2478242
mmClasicaOpenMP,1500,2,18,2974338
mmClasicaOpenMP,1500,2,19,2690945
mmClasicaOpenMP,1500,2,20,2611087
mmClasicaOpenMP,1500,2,21,3640103
mmClasicaOpenMP,1500,2,22,2588837
mmClasicaOpenMP,1500,2,23,2583764
mmClasicaOpenMP,1500,2,24,2532605
mmClasicaOpenMP,1500,2,25,2665698
mmClasicaOpenMP,1500,2,26,2654964
mmClasicaOpenMP,1500,2,27,2863291
mmClasicaOpenMP,1500,2,28,3323773
mmClasicaOpenMP,1500,2,29,2535928
mmClasicaOpenMP,1500,2,30,2681210
mmClasicaOpenMP,1500,4,1,1220913
mmClasicaOpenMP,1500,4,2,1243542
mmClasicaOpenMP,1500,4,3,1213771
mmClasicaOpenMP,1500,4,4,1165350
mmClasicaOpenMP,1500,4,5,1308780
mmClasicaOpenMP,1500,4,6,1339768
mmClasicaOpenMP,1500,4,7,1206252
mmClasicaOpenMP,1500,4,8,1197392
mmClasicaOpenMP,1500,4,9,1214057
mmClasicaOpenMP,1500,4,10,1343127
mmClasicaOpenMP,1500,4,11,1189630
mmClasicaOpenMP,1500,4,12,1348593
mmClasicaOpenMP,1500,4,13,1352407
mmClasicaOpenMP,1500,4,14,1289799
mmClasicaOpenMP,1500,4,15,1205567
mmClasicaOpenMP,1500,4,16,1343560
mmClasicaOpenMP,1500,4,17,1231313
mmClasicaOpenMP,1500,4,18,1201973
mmClasicaOpenMP,1500,4,19,1206515
mmClasicaOpenMP,1500,4,20,1149182
mmClasicaOpenMP,1500,4,21,1236552
mmClasicaOpenMP,1500,4,22,1195791
mmClasicaOpenMP,1500,4,23,1296732
mmClasicaOpenMP,1500,4,24,1220639
mmClasicaOpenMP,1500,4,25,1160402
mmClasicaOpenMP,1500,4,26,1277738
mmClasicaOpenMP,1500,4,27,1215935
mmClasicaOpenMP,1500,4,28,1329890
mmClasicaOpenMP,1500,4,29,1225011
mmClasicaOpenMP,1500,4,30,1252653
mmClasicaOpenMP,1500,8,1,1209523
mmClasicaOpenMP,1500,8,2,1185008
mmClasicaOpenMP,1500,8,3,1257127
mmClasicaOpenMP,1500,8,4,1210025
mmClasicaOpenMP,1500,8,5,1242153
mmClasicaOpenMP,1500,8,6,1257052
mmClasicaOpenMP,1500,8,7,1265223
mmClasicaOpenMP,1500,8,8,1241180
mmClasicaOpenMP,1500,8,9,1214916
mmClasicaOpenMP,1500,8,10,1201833
mmClasicaOpenMP,1500,8,11,1168729
mmClasicaOpenMP,1500,8,12,1251075
mmClasicaOpenMP,1500,8,13,1189011
mmClasicaOpenMP,1500,8,14,1149950
mmClasicaOpenMP,1500,8,15,1265654
mmClasicaOpenMP,1500,8,16,1212695
mmClasicaOpenMP,1500,8,17,1189933
mmClasicaOpenMP,1500,8,18,1276823
mmClasicaOpenMP,1500,8,19,1210280
mmClasicaOpenMP,1500,8,20,1185736
mmClasicaOpenMP,1500,8,21,1236412
mmClasicaOpenMP,1500,8,22,1265590
mmClasicaOpenMP,1500,8,23,1220429
mmClasicaOpenMP,1500,8,24,1251524
mmClasicaOpenMP,1500,8,25,1252294
mmClasicaOpenMP,1500,8,26,1208066
mmClasicaOpenMP,1500,8,27,1223077
mmClasicaOpenMP,1500,8,28,1230657
mmClasicaOpenMP,1500,8,29,1223842
mmClasicaOpenMP,1500,8,30,1228596
mmClasicaOpenMP,1500,12,1,1218897
mmClasicaOpenMP,1500,12,2,1241463
mmClasicaOpenMP,1500,12,3,1172751
mmClasicaOpenMP,1500,12,4,1208365
mmClasicaOpenMP,1500,12,5,1198387
mmClasicaOpenMP,1500,12,6,1120906
mmClasicaOpenMP,1500,12,7,1220761
mmClasicaOpenMP,1500,12,8,1233341
mmClasicaOpenMP,1500,12,9,1186103
mmClasicaOpenMP,1500,12,10,1249191
mmClasicaOpenMP,1500,12,11,1259369
mmClasicaOpenMP,1500,12,12,1230116
mmClasicaOpenMP,1500,12,13,1197119
mmClasicaOpenMP,1500,12,14,1283037
mmClasicaOpenMP,1500,12,15,1232134
mmClasicaOpenMP,1500,12,16,1257093
mmClasicaOpenMP,1500,12,17,1228768
mmClasicaOpenMP,1500,12,18,1239613
mmClasicaOpenMP,1500,12,19,1254917
mmClasicaOpenMP,1500,12,20,1184655
mmClasicaOpenMP,1500,12,21,1225568
mmClasicaOpenMP,1500,12,22,1216117
mmClasicaOpenMP,1500,12,23,1267902
mmClasicaOpenMP,1500,12,24,1383473
mmClasicaOpenMP,1500,12,25,1221233
mmClasicaOpenMP,1500,12,26,1254629
mmClasicaOpenMP,1500,12,27,1130777
mmClasicaOpenMP,1500,12,28,1193548
mmClasicaOpenMP,1500,12,29,1287277
mmClasicaOpenMP,1500,12,30,1202894
mmClasicaOpenMP,1500,16,1,1307979
mmClasicaOpenMP,1500,16,2,1295928
mmClasicaOpenMP,1500,16,3,1248027
mmClasicaOpenMP,1500,16,4,1220778
mmClasicaOpenMP,1500,16,5,1225326
mmClasicaOpenMP,1500,16,6,1276027
mmClasicaOpenMP,1500,16,7,1143213
mmClasicaOpenMP,1500,16,8,1251258
mmClasicaOpenMP,1500,16,9,1252635
mmClasicaOpenMP,1500,16,10,1304415
mmClasicaOpenMP,1500,16,11,1182144
mmClasicaOpenMP,1500,16,12,1180956
mmClasicaOpenMP,1500,16,13,1187431
mmClasicaOpenMP,1500,16,14,1173150
mmClasicaOpenMP,1500,16,15,1184576
mmClasicaOpenMP,1500,16,16,1222215
mmClasicaOpenMP,1500,16,17,1235437
mmClasicaOpenMP,1500,16,18,1205486
mmClasicaOpenMP,1500,16,19,1205346
mmClasicaOpenMP,1500,16,20,1230018
mmClasicaOpenMP,1500,16,21,1211662
mmClasicaOpenMP,1500,16,22,1255512
mmClasicaOpenMP,1500,16,23,1148080
mmClasicaOpenMP,1500,16,24,1193251
mmClasicaOpenMP,1500,16,25,1137214
mmClasicaOpenMP,1500,16,26,1259541
mmClasicaOpenMP,1500,16,27,1101776
mmClasicaOpenMP,1500,16,28,1014127
mmClasicaOpenMP,1500,16,29,1044716
mmClasicaOpenMP,1500,16,30,1000623
mmFilasOpenMP,100,1,1,744
mmFilasOpenMP,100,1,2,596
mmFilasOpenMP,100,1,3,802
mmFilasOpenMP,100,1,4,912
mmFilasOpenMP,100,1,5,854
mmFilasOpenMP,100,1,6,922
mmFilasOpenMP,100,1,7,608
mmFilasOpenMP,100,1,8,912
mmFilasOpenMP,100,1,9,896
mmFilasOpenMP,100,1,10,1024
mmFilasOpenMP,100,1,11,959
mmFilasOpenMP,100,1,12,1885
mmFilasOpenMP,100,1,13,1474
mmFilasOpenMP,100,1,14,1472
mmFilasOpenMP,100,1,15,1376
mmFilasOpenMP,100,1,16,1369
mmFilasOpenMP,100,1,17,1797
mmFilasOpenMP,100,1,18,1693
mmFilasOpenMP,100,1,19,1655
mmFilasOpenMP,100,1,20,1583
mmFilasOpenMP,100,1,21,1822
mmFilasOpenMP,100,1,22,1758
mmFilasOpenMP,100,1,23,1738
mmFilasOpenMP,100,1,24,1681
mmFilasOpenMP,100,1,25,1850
mmFilasOpenMP,100,1,26,1611
mmFilasOpenMP,100,1,27,1937
mmFilasOpenMP,100,1,28,1644
mmFilasOpenMP,100,1,29,1862
mmFilasOpenMP,100,1,30,1688
mmFilasOpenMP,100,2,1,1269
mmFilasOpenMP,100,2,2,1082
mmFilasOpenMP,100,2,3,1010
mmFilasOpenMP,100,2,4,1015
mmFilasOpenMP,100,2,5,1005
mmFilasOpenMP,100,2,6,1176
mmFilasOpenMP,100,2,7,1003
mmFilasOpenMP,100,2,8,1039
mmFilasOpenMP,100,2,9,4800
mmFilasOpenMP,100,2,10,981
mmFilasOpenMP,100,2,11,973
mmFilasOpenMP,100,2,12,1056
mmFilasOpenMP,100,2,13,1512
mmFilasOpenMP,100,2,14,1051
mmFilasOpenMP,100,2,15,988
mmFilasOpenMP,100,2,16,1146
mmFilasOpenMP,100,2,17,1798
mmFilasOpenMP,100,2,18,1174
mmFilasOpenMP,100,2,19,1012
mmFilasOpenMP,100,2,20,1038
mmFilasOpenMP,100,2,21,989
mmFilasOpenMP,100,2,22,987
mmFilasOpenMP,100,2,23,1008
mmFilasOpenMP,100,2,24,1220
mmFilasOpenMP,100,2,25,1218
mmFilasOpenMP,100,2,26,1335
mmFilasOpenMP,100,2,27,981
mmFilasOpenMP,100,2,28,1078
mmFilasOpenMP,100,2,29,1157
mmFilasOpenMP,100,2,30,970
mmFilasOpenMP,100,4,1,820
mmFilasOpenMP,100,4,2,2487
mmFilasOpenMP,100,4,3,1606
mmFilasOpenMP,100,4,4,715
mmFilasOpenMP,100,4,5,5229
mmFilasOpenMP,100,4,6,3093
mmFilasOpenMP,100,4,7,4172
mmFilasOpenMP,100,4,8,5724
mmFilasOpenMP,100,4,9,747
mmFilasOpenMP,100,4,10,1095
mmFilasOpenMP,100,4,11,5855
mmFilasOpenMP,100,4,12,720
mmFilasOpenMP,100,4,13,795
mmFilasOpenMP,100,4,14,776
mmFilasOpenMP,100,4,15,914
mmFilasOpenMP,100,4,16,793
mmFilasOpenMP,100,4,17,782
mmFilasOpenMP,100,4,18,920
mmFilasOpenMP,100,4,19,949
mmFilasOpenMP,100,4,20,911
mmFilasOpenMP,100,4,21,949
mmFilasOpenMP,100,4,22,1462
mmFilasOpenMP,100,4,23,1955
mmFilasOpenMP,100,4,24,1239
mmFilasOpenMP,100,4,25,931
mmFilasOpenMP,100,4,26,814
mmFilasOpenMP,100,4,27,907
mmFilasOpenMP,100,4,28,1052
mmFilasOpenMP,100,4,29,727
mmFilasOpenMP,100,4,30,770
mmFilasOpenMP,100,8,1,1307
mmFilasOpenMP,100,8,2,2426
mmFilasOpenMP,100,8,3,1712
mmFilasOpenMP,100,8,4,1499
mmFilasOpenMP,100,8,5,1470
mmFilasOpenMP,100,8,6,1515
mmFilasOpenMP,100,8,7,1744
mmFilasOpenMP,100,8,8,1471
mmFilasOpenMP,100,8,9,1418
mmFilasOpenMP,100,8,10,1657
mmFilasOpenMP,100,8,11,1431
mmFilasOpenMP,100,8,12,1330
mmFilasOpenMP,100,8,13,1257
mmFilasOpenMP,100,8,14,1349
mmFilasOpenMP,100,8,15,1326
mmFilasOpenMP,100,8,16,1356
mmFilasOpenMP,100,8,17,1298
mmFilasOpenMP,100,8,18,1325
mmFilasOpenMP,100,8,19,1478
mmFilasOpenMP,100,8,20,1380
mmFilasOpenMP,100,8,21,1814
mmFilasOpenMP,100,8,22,1330
mmFilasOpenMP,100,8,23,1449
mmFilasOpenMP,100,8,24,1331
mmFilasOpenMP,100,8,25,1504
mmFilasOpenMP,100,8,26,1337
mmFilasOpenMP,100,8,27,1539
mmFilasOpenMP,100,8,28,1147
mmFilasOpenMP,100,8,29,1354
mmFilasOpenMP,100,8,30,1110
mmFilasOpenMP,100,12,1,1834
mmFilasOpenMP,100,12,2,2344
mmFilasOpenMP,100,12,3,1444
mmFilasOpenMP,100,12,4,1663
mmFilasOpenMP,100,12,5,1821
mmFilasOpenMP,100,12,6,5546
mmFilasOpenMP,100,12,7,1518
mmFilasOpenMP,100,12,8,1363
mmFilasOpenMP,100,12,9,1830
mmFilasOpenMP,100,12,10,1480
mmFilasOpenMP,100,12,11,2111
mmFilasOpenMP,100,12,12,1623
mmFilasOpenMP,100,12,13,1663
mmFilasOpenMP,100,12,14,1811
mmFilasOpenMP,100,12,15,1821
mmFilasOpenMP,100,12,16,1817
mmFilasOpenMP,100,12,17,1873
mmFilasOpenMP,100,12,18,1527
mmFilasOpenMP,100,12,19,1515
mmFilasOpenMP,100,12,20,1566
mmFilasOpenMP,100,12,21,1641
mmFilasOpenMP,100,12,22,1686
mmFilasOpenMP,100,12,23,1599
mmFilasOpenMP,100,12,24,1751
mmFilasOpenMP,100,12,25,1706
mmFilasOpenMP,100,12,26,1630
mmFilasOpenMP,100,12,27,1493
mmFilasOpenMP,100,12,28,1585
mmFilasOpenMP,100,12,29,1726
mmFilasOpenMP,100,12,30,1688
mmFilasOpenMP,100,16,1,1949
mmFilasOpenMP,100,16,2,1896
mmFilasOpenMP,100,16,3,1994
mmFilasOpenMP,100,16,4,2228
mmFilasOpenMP,100,16,5,1997
mmFilasOpenMP,100,16,6,4143
mmFilasOpenMP,100,16,7,1745
mmFilasOpenMP,100,16,8,1816
mmFilasOpenMP,100,16,9,1847
mmFilasOpenMP,100,16,10,1973
mmFilasOpenMP,100,16,11,2152
mmFilasOpenMP,100,16,12,1931
mmFilasOpenMP,100,16,13,2351
mmFilasOpenMP,100,16,14,2079
mmFilasOpenMP,100,16,15,2073
mmFilasOpenMP,100,16,16,2107
mmFilasOpenMP,100,16,17,1760
mmFilasOpenMP,100,16,18,1874
mmFilasOpenMP,100,16,19,2053
mmFilasOpenMP,100,16,20,1704
mmFilasOpenMP,100,16,21,1986
mmFilasOpenMP,100,16,22,2006
mmFilasOpenMP,100,16,23,2332
mmFilasOpenMP,100,16,24,2361
mmFilasOpenMP,100,16,25,1868
mmFilasOpenMP,100,16,26,1873
mmFilasOpenMP,100,16,27,2085
mmFilasOpenMP,100,16,28,2087
mmFilasOpenMP,100,16,29,2186
mmFilasOpenMP,100,16,30,1924
mmFilasOpenMP,500,1,1,135291
mmFilasOpenMP,500,1,2,105710
mmFilasOpenMP,500,1,3,105816
mmFilasOpenMP,500,1,4,104830
mmFilasOpenMP,500,1,5,141028
mmFilasOpenMP,500,1,6,143792
mmFilasOpenMP,500,1,7,135989
mmFilasOpenMP,500,1,8,105396
mmFilasOpenMP,500,1,9,141739
mmFilasOpenMP,500,1,10,153915
mmFilasOpenMP,500,1,11,141555
mmFilasOpenMP,500,1,12,111913
mmFilasOpenMP,500,1,13,105545
mmFilasOpenMP,500,1,14,138367
mmFilasOpenMP,500,1,15,167104
mmFilasOpenMP,500,1,16,138829
mmFilasOpenMP,500,1,17,141690
mmFilasOpenMP,500,1,18,137574
mmFilasOpenMP,500,1,19,138538
mmFilasOpenMP,500,1,20,105793
mmFilasOpenMP,500,1,21,104717
mmFilasOpenMP,500,1,22,105780
mmFilasOpenMP,500,1,23,109902
mmFilasOpenMP,500,1,24,138073
mmFilasOpenMP,500,1,25,141895
mmFilasOpenMP,500,1,26,105332
mmFilasOpenMP,500,1,27,141515
mmFilasOpenMP,500,1,28,141984
mmFilasOpenMP,500,1,29,105558
mmFilasOpenMP,500,1,30,137765
mmFilasOpenMP,500,2,1,104879
mmFilasOpenMP,500,2,2,103775
mmFilasOpenMP,500,2,3,104822
mmFilasOpenMP,500,2,4,104287
mmFilasOpenMP,500,2,5,100145
mmFilasOpenMP,500,2,6,102111
mmFilasOpenMP,500,2,7,103392
mmFilasOpenMP,500,2,8,121894
mmFilasOpenMP,500,2,9,103389
mmFilasOpenMP,500,2,10,103928
mmFilasOpenMP,500,2,11,86682
mmFilasOpenMP,500,2,12,104844
mmFilasOpenMP,500,2,13,105458
mmFilasOpenMP,500,2,14,101571
mmFilasOpenMP,500,2,15,112646
mmFilasOpenMP,500,2,16,104018
mmFilasOpenMP,500,2,17,103753
mmFilasOpenMP,500,2,18,106384
mmFilasOpenMP,500,2,19,101748
mmFilasOpenMP,500,2,20,105515
mmFilasOpenMP,500,2,21,100240
mmFilasOpenMP,500,2,22,103234
mmFilasOpenMP,500,2,23,104386
mmFilasOpenMP,500,2,24,84668
mmFilasOpenMP,500,2,25,104243
mmFilasOpenMP,500,2,26,106594
mmFilasOpenMP,500,2,27,99603
mmFilasOpenMP,500,2,28,103540
mmFilasOpenMP,500,2,29,105419
mmFilasOpenMP,500,2,30,100752
mmFilasOpenMP,500,4,1,78822
mmFilasOpenMP,500,4,2,67554
mmFilasOpenMP,500,4,3,64465
mmFilasOpenMP,500,4,4,66339
mmFilasOpenMP,500,4,5,61755
mmFilasOpenMP,500,4,6,61234
mmFilasOpenMP,500,4,7,63824
mmFilasOpenMP,500,4,8,71788
mmFilasOpenMP,500,4,9,65553
mmFilasOpenMP,500,4,10,68505
mmFilasOpenMP,500,4,11,67099
mmFilasOpenMP,500,4,12,64869
mmFilasOpenMP,500,4,13,67156
mmFilasOpenMP,500,4,14,67255
mmFilasOpenMP,500,4,15,71149
mmFilasOpenMP,500,4,16,65056
mmFilasOpenMP,500,4,17,63282
mmFilasOpenMP,500,4,18,63378
mmFilasOpenMP,500,4,19,63026
mmFilasOpenMP,500,4,20,63847
mmFilasOpenMP,500,4,21,66743
mmFilasOpenMP,500,4,22,64373
mmFilasOpenMP,500,4,23,63949
mmFilasOpenMP,500,4,24,65389
mmFilasOpenMP,500,4,25,66441
mmFilasOpenMP,500,4,26,66460
mmFilasOpenMP,500,4,27,69338
mmFilasOpenMP,500,4,28,64031
mmFilasOpenMP,500,4,29,63964
mmFilasOpenMP,500,4,30,66580
mmFilasOpenMP,500,8,1,69419
mmFilasOpenMP,500,8,2,53381
mmFilasOpenMP,500,8,3,56855
mmFilasOpenMP,500,8,4,59019
mmFilasOpenMP,500,8,5,59137
mmFilasOpenMP,500,8,6,61522
mmFilasOpenMP,500,8,7,60360
mmFilasOpenMP,500,8,8,62248
mmFilasOpenMP,500,8,9,62446
mmFilasOpenMP,500,8,10,60165
mmFilasOpenMP,500,8,11,59947
mmFilasOpenMP,500,8,12,61863
mmFilasOpenMP,500,8,13,58713
mmFilasOpenMP,500,8,14,59276
mmFilasOpenMP,500,8,15,58435
mmFilasOpenMP,500,8,16,57597
mmFilasOpenMP,500,8,17,60497
mmFilasOpenMP,500,8,18,63182
mmFilasOpenMP,500,8,19,60756
mmFilasOpenMP,500,8,20,61480
mmFilasOpenMP,500,8,21,58781
mmFilasOpenMP,500,8,22,60124
mmFilasOpenMP,500,8,23,56883
mmFilasOpenMP,500,8,24,63306
mmFilasOpenMP,500,8,25,56127
mmFilasOpenMP,500,8,26,54604
mmFilasOpenMP,500,8,27,54435
mmFilasOpenMP,500,8,28,56478
mmFilasOpenMP,500,8,29,57595
mmFilasOpenMP,500,8,30,57897
mmFilasOpenMP,500,12,1,70652
mmFilasOpenMP,500,12,2,50146
mmFilasOpenMP,500,12,3,55396
mmFilasOpenMP,500,12,4,59562
mmFilasOpenMP,500,12,5,60030
mmFilasOpenMP,500,12,6,62265
mmFilasOpenMP,500,12,7,57820
mmFilasOpenMP,500,12,8,58085
mmFilasOpenMP,500,12,9,55818
mmFilasOpenMP,500,12,10,61548
mmFilasOpenMP,500,12,11,54361
mmFilasOpenMP,500,12,12,57218
mmFilasOpenMP,500,12,13,58403
mmFilasOpenMP,500,12,14,59466
mmFilasOpenMP,500,12,15,57613
mmFilasOpenMP,500,12,16,56812
mmFilasOpenMP,500,12,17,61461
mmFilasOpenMP,500,12,18,58952
mmFilasOpenMP,500,12,19,57344
mmFilasOpenMP,500,12,20,59405
mmFilasOpenMP,500,12,21,55715
mmFilasOpenMP,500,12,22,57610
mmFilasOpenMP,500,12,23,58459
mmFilasOpenMP,500,12,24,57721
mmFilasOpenMP,500,12,25,58406
mmFilasOpenMP,500,12,26,63082
mmFilasOpenMP,500,12,27,57004
mmFilasOpenMP,500,12,28,52570
mmFilasOpenMP,500,12,29,55824
mmFilasOpenMP,500,12,30,53730
mmFilasOpenMP,500,16,1,66746
mmFilasOpenMP,500,16,2,58488
mmFilasOpenMP,500,16,3,51834
mmFilasOpenMP,500,16,4,58876
mmFilasOpenMP,500,16,5,52896
mmFilasOpenMP,500,16,6,58527
mmFilasOpenMP,500,16,7,53581
mmFilasOpenMP,500,16,8,54393
mmFilasOpenMP,500,16,9,62274
mmFilasOpenMP,500,16,10,57522
mmFilasOpenMP,500,16,11,56917
mmFilasOpenMP,500,16,12,57705
mmFilasOpenMP,500,16,13,58884
mmFilasOpenMP,500,16,14,58218
mmFilasOpenMP,500,16,15,60364
mmFilasOpenMP,500,16,16,56891
mmFilasOpenMP,500,16,17,58369
mmFilasOpenMP,500,16,18,56270
mmFilasOpenMP,500,16,19,59240
mmFilasOpenMP,500,16,20,58442
mmFilasOpenMP,500,16,21,58448
mmFilasOpenMP,500,16,22,60277
mmFilasOpenMP,500,16,23,52762
mmFilasOpenMP,500,16,24,59991
mmFilasOpenMP,500,16,25,57386
mmFilasOpenMP,500,16,26,56174
mmFilasOpenMP,500,16,27,59995
mmFilasOpenMP,500,16,28,57720
mmFilasOpenMP,500,16,29,57252
mmFilasOpenMP,500,16,30,55691
mmFilasOpenMP,1000,1,1,906963
mmFilasOpenMP,1000,1,2,978022
mmFilasOpenMP,1000,1,3,982907
mmFilasOpenMP,1000,1,4,983353
mmFilasOpenMP,1000,1,5,970159
mmFilasOpenMP,1000,1,6,1003908
mmFilasOpenMP,1000,1,7,971929
mmFilasOpenMP,1000,1,8,1069299
mmFilasOpenMP,1000,1,9,939515
mmFilasOpenMP,1000,1,10,908497
mmFilasOpenMP,1000,1,11,904087
mmFilasOpenMP,1000,1,12,900666
mmFilasOpenMP,1000,1,13,908360
mmFilasOpenMP,1000,1,14,1048683
mmFilasOpenMP,1000,1,15,1014820
mmFilasOpenMP,1000,1,16,1117309
mmFilasOpenMP,1000,1,17,888445
mmFilasOpenMP,1000,1,18,888323
mmFilasOpenMP,1000,1,19,890152
mmFilasOpenMP,1000,1,20,675313
mmFilasOpenMP,1000,1,21,658184
mmFilasOpenMP,1000,1,22,899366
mmFilasOpenMP,1000,1,23,887316
mmFilasOpenMP,1000,1,24,887691
mmFilasOpenMP,1000,1,25,890234
mmFilasOpenMP,1000,1,26,888392
mmFilasOpenMP,1000,1,27,896884
mmFilasOpenMP,1000,1,28,927696
mmFilasOpenMP,1000,1,29,1048849
mmFilasOpenMP,1000,1,30,931535
mmFilasOpenMP,1000,2,1,512387
mmFilasOpenMP,1000,2,2,506104
mmFilasOpenMP,1000,2,3,500973
mmFilasOpenMP,1000,2,4,517003
mmFilasOpenMP,1000,2,5,587491
mmFilasOpenMP,1000,2,6,513065
mmFilasOpenMP,1000,2,7,509017
mmFilasOpenMP,1000,2,8,510226
mmFilasOpenMP,1000,2,9,507036
mmFilasOpenMP,1000,2,10,510443
mmFilasOpenMP,1000,2,11,507936
mmFilasOpenMP,1000,2,12,521111
mmFilasOpenMP,1000,2,13,511952
mmFilasOpenMP,1000,2,14,498359
mmFilasOpenMP,1000,2,15,530498
mmFilasOpenMP,1000,2,16,505332
mmFilasOpenMP,1000,2,17,505262
mmFilasOpenMP,1000,2,18,609794
mmFilasOpenMP,1000,2,19,511911
mmFilasOpenMP,1000,2,20,505634
mmFilasOpenMP,1000,2,21,565623
mmFilasOpenMP,1000,2,22,509401
mmFilasOpenMP,1000,2,23,518923
mmFilasOpenMP,1000,2,24,509798
mmFilasOpenMP,1000,2,25,509026
mmFilasOpenMP,1000,2,26,569653
mmFilasOpenMP,1000,2,27,511116
mmFilasOpenMP,1000,2,28,505866
mmFilasOpenMP,1000,2,29,515327
mmFilasOpenMP,1000,2,30,510203
mmFilasOpenMP,1000,4,1,281946
mmFilasOpenMP,1000,4,2,287306
mmFilasOpenMP,1000,4,3,287596
mmFilasOpenMP,1000,4,4,336154
mmFilasOpenMP,1000,4,5,291570
mmFilasOpenMP,1000,4,6,319518
mmFilasOpenMP,1000,4,7,288408
mmFilasOpenMP,1000,4,8,294712
mmFilasOpenMP,1000,4,9,286653
mmFilasOpenMP,1000,4,10,286912
mmFilasOpenMP,1000,4,11,291287
mmFilasOpenMP,1000,4,12,281737
mmFilasOpenMP,1000,4,13,298729
mmFilasOpenMP,1000,4,14,286614
mmFilasOpenMP,1000,4,15,284629
mmFilasOpenMP,1000,4,16,284589
mmFilasOpenMP,1000,4,17,287519
mmFilasOpenMP,1000,4,18,287470
mmFilasOpenMP,1000,4,19,287011
mmFilasOpenMP,1000,4,20,293008
mmFilasOpenMP,1000,4,21,294157
mmFilasOpenMP,1000,4,22,295993
mmFilasOpenMP,1000,4,23,292226
mmFilasOpenMP,1000,4,24,290012
mmFilasOpenMP,1000,4,25,287012
mmFilasOpenMP,1000,4,26,308028
mmFilasOpenMP,1000,4,27,287443
mmFilasOpenMP,1000,4,28,290886
mmFilasOpenMP,1000,4,29,285226
mmFilasOpenMP,1000,4,30,289185
mmFilasOpenMP,1000,8,1,292246
mmFilasOpenMP,1000,8,2,285708
mmFilasOpenMP,1000,8,3,277976
mmFilasOpenMP,1000,8,4,270590
mmFilasOpenMP,1000,8,5,288091
mmFilasOpenMP,1000,8,6,301249
mmFilasOpenMP,1000,8,7,292976
mmFilasOpenMP,1000,8,8,278694
mmFilasOpenMP,1000,8,9,287715
mmFilasOpenMP,1000,8,10,275984
mmFilasOpenMP,1000,8,11,270919
mmFilasOpenMP,1000,8,12,276483
mmFilasOpenMP,1000,8,13,270463
mmFilasOpenMP,1000,8,14,262320
mmFilasOpenMP,1000,8,15,276883
mmFilasOpenMP,1000,8,16,279566
mmFilasOpenMP,1000,8,17,280066
mmFilasOpenMP,1000,8,18,299527
mmFilasOpenMP,1000,8,19,277157
mmFilasOpenMP,1000,8,20,285274
mmFilasOpenMP,1000,8,21,289340
mmFilasOpenMP,1000,8,22,283236
mmFilasOpenMP,1000,8,23,271390
mmFilasOpenMP,1000,8,24,275550
mmFilasOpenMP,1000,8,25,291590
mmFilasOpenMP,1000,8,26,270220
mmFilasOpenMP,1000,8,27,280900
mmFilasOpenMP,1000,8,28,284289
mmFilasOpenMP,1000,8,29,272781
mmFilasOpenMP,1000,8,30,271771
mmFilasOpenMP,1000,12,1,272694
mmFilasOpenMP,1000,12,2,277334
mmFilasOpenMP,1000,12,3,276328
mmFilasOpenMP,1000,12,4,275678
mmFilasOpenMP,1000,12,5,270807
mmFilasOpenMP,1000,12,6,275981
mmFilasOpenMP,1000,12,7,292681
mmFilasOpenMP,1000,12,8,283007
mmFilasOpenMP,1000,12,9,288945
mmFilasOpenMP,1000,12,10,279466
mmFilasOpenMP,1000,12,11,272777
mmFilasOpenMP,1000,12,12,272426
mmFilasOpenMP,1000,12,13,303415
mmFilasOpenMP,1000,12,14,280682
mmFilasOpenMP,1000,12,15,286523
mmFilasOpenMP,1000,12,16,274909
mmFilasOpenMP,1000,12,17,273576
mmFilasOpenMP,1000,12,18,272002
mmFilasOpenMP,1000,12,19,281305
mmFilasOpenMP,1000,12,20,284751
mmFilasOpenMP,1000,12,21,276297
mmFilasOpenMP,1000,12,22,278593
mmFilasOpenMP,1000,12,23,273316
mmFilasOpenMP,1000,12,24,273902
mmFilasOpenMP,1000,12,25,269972
mmFilasOpenMP,1000,12,26,277966
mmFilasOpenMP,1000,12,27,274626
mmFilasOpenMP,1000,12,28,276717
mmFilasOpenMP,1000,12,29,275679
mmFilasOpenMP,1000,12,30,271901
mmFilasOpenMP,1000,16,1,269455
mmFilasOpenMP,1000,16,2,280099
mmFilasOpenMP,1000,16,3,288710
mmFilasOpenMP,1000,16,4,275607
mmFilasOpenMP,1000,16,5,276984
mmFilasOpenMP,1000,16,6,272558
mmFilasOpenMP,1000,16,7,295867
mmFilasOpenMP,1000,16,8,292656
mmFilasOpenMP,1000,16,9,273473
mmFilasOpenMP,1000,16,10,274021
mmFilasOpenMP,1000,16,11,285551
mmFilasOpenMP,1000,16,12,275297
mmFilasOpenMP,1000,16,13,288664
mmFilasOpenMP,1000,16,14,266005
mmFilasOpenMP,1000,16,15,274371
mmFilasOpenMP,1000,16,16,275482
mmFilasOpenMP,1000,16,17,277108
mmFilasOpenMP,1000,16,18,274201
mmFilasOpenMP,1000,16,19,285417
mmFilasOpenMP,1000,16,20,285480
mmFilasOpenMP,1000,16,21,273994
mmFilasOpenMP,1000,16,22,275473
mmFilasOpenMP,1000,16,23,279833
mmFilasOpenMP,1000,16,24,297101
mmFilasOpenMP,1000,16,25,274562
mmFilasOpenMP,1000,16,26,273635
mmFilasOpenMP,1000,16,27,288346
mmFilasOpenMP,1000,16,28,273578
mmFilasOpenMP,1000,16,29,290880
mmFilasOpenMP,1000,16,30,272680
mmFilasOpenMP,1500,1,1,3475398
mmFilasOpenMP,1500,1,2,3169384
mmFilasOpenMP,1500,1,3,3224308
mmFilasOpenMP,1500,1,4,3269523
mmFilasOpenMP,1500,1,5,3731122
mmFilasOpenMP,1500,1,6,3245508
mmFilasOpenMP,1500,1,7,3208063
mmFilasOpenMP,1500,1,8,3333225
mmFilasOpenMP,1500,1,9,3431302
mmFilasOpenMP,1500,1,10,3227983
mmFilasOpenMP,1500,1,11,3305423
mmFilasOpenMP,1500,1,12,3211871
mmFilasOpenMP,1500,1,13,3313623
mmFilasOpenMP,1500,1,14,3192608
mmFilasOpenMP,1500,1,15,3476826
mmFilasOpenMP,1500,1,16,3203556
mmFilasOpenMP,1500,1,17,3397428
mmFilasOpenMP,1500,1,18,3203314
mmFilasOpenMP,1500,1,19,3180126
mmFilasOpenMP,1500,1,20,3258308
mmFilasOpenMP,1500,1,21,3153911
mmFilasOpenMP,1500,1,22,3156290
mmFilasOpenMP,1500,1,23,3240441
mmFilasOpenMP,1500,1,24,3196843
mmFilasOpenMP,1500,1,25,3182442
mmFilasOpenMP,1500,1,26,3197947
mmFilasOpenMP,1500,1,27,3439029
mmFilasOpenMP,1500,1,28,3275878
mmFilasOpenMP,1500,1,29,3142270
mmFilasOpenMP,1500,1,30,3318256
mmFilasOpenMP,1500,2,1,1725584
mmFilasOpenMP,1500,2,2,1743131
mmFilasOpenMP,1500,2,3,1649800
mmFilasOpenMP,1500,2,4,1767102
mmFilasOpenMP,1500,2,5,1685541
mmFilasOpenMP,1500,2,6,1798021
mmFilasOpenMP,1500,2,7,1790317
mmFilasOpenMP,1500,2,8,1855152
mmFilasOpenMP,1500,2,9,1627117
mmFilasOpenMP,1500,2,10,1623019
mmFilasOpenMP,1500,2,11,1689092
mmFilasOpenMP,1500,2,12,1736037
mmFilasOpenMP,1500,2,13,1692089
mmFilasOpenMP,1500,2,14,1697816
mmFilasOpenMP,1500,2,15,1636504
mmFilasOpenMP,1500,2,16,1677021
mmFilasOpenMP,1500,2,17,1622900
mmFilasOpenMP,1500,2,18,1755486
mmFilasOpenMP,1500,2,19,1629090
mmFilasOpenMP,1500,2,20,1761409
mmFilasOpenMP,1500,2,21,1625895
mmFilasOpenMP,1500,2,22,1685738
mmFilasOpenMP,1500,2,23,1789267
mmFilasOpenMP,1500,2,24,1659306
mmFilasOpenMP,1500,2,25,1742985
mmFilasOpenMP,1500,2,26,1782959
mmFilasOpenMP,1500,2,27,1686386
mmFilasOpenMP,1500,2,28,1577749
mmFilasOpenMP,1500,2,29,1709913
mmFilasOpenMP,1500,2,30,1812777
mmFilasOpenMP,1500,4,1,893226
mmFilasOpenMP,1500,4,2,863669
mmFilasOpenMP,1500,4,3,896187
mmFilasOpenMP,1500,4,4,900031
mmFilasOpenMP,1500,4,5,859642
mmFilasOpenMP,1500,4,6,838475
mmFilasOpenMP,1500,4,7,936669
mmFilasOpenMP,1500,4,8,940748
mmFilasOpenMP,1500,4,9,891678
mmFilasOpenMP,1500,4,10,890073
mmFilasOpenMP,1500,4,11,877879
mmFilasOpenMP,1500,4,12,887803
mmFilasOpenMP,1500,4,13,829795
mmFilasOpenMP,1500,4,14,907016
mmFilasOpenMP,1500,4,15,831205
mmFilasOpenMP,1500,4,16,865459
mmFilasOpenMP,1500,4,17,830026
mmFilasOpenMP,1500,4,18,843532
mmFilasOpenMP,1500,4,19,949937
mmFilasOpenMP,1500,4,20,837872
mmFilasOpenMP,1500,4,21,858788
mmFilasOpenMP,1500,4,22,898061
mmFilasOpenMP,1500,4,23,850576
mmFilasOpenMP,1500,4,24,893240
mmFilasOpenMP,1500,4,25,957357
mmFilasOpenMP,1500,4,26,949027
mmFilasOpenMP,1500,4,27,899431
mmFilasOpenMP,1500,4,28,902088
mmFilasOpenMP,1500,4,29,892454
mmFilasOpenMP,1500,4,30,880810
mmFilasOpenMP,1500,8,1,883896
mmFilasOpenMP,1500,8,2,864769
mmFilasOpenMP,1500,8,3,837715
mmFilasOpenMP,1500,8,4,842942
mmFilasOpenMP,1500,8,5,885580
mmFilasOpenMP,1500,8,6,853230
mmFilasOpenMP,1500,8,7,825022
mmFilasOpenMP,1500,8,8,844598
mmFilasOpenMP,1500,8,9,864954
mmFilasOpenMP,1500,8,10,870043
mmFilasOpenMP,1500,8,11,835336
mmFilasOpenMP,1500,8,12,823226
mmFilasOpenMP,1500,8,13,837500
mmFilasOpenMP,1500,8,14,869972
mmFilasOpenMP,1500,8,15,868806
mmFilasOpenMP,1500,8,16,874274
mmFilasOpenMP,1500,8,17,867533
mmFilasOpenMP,1500,8,18,854508
mmFilasOpenMP,1500,8,19,907919
mmFilasOpenMP,1500,8,20,930784
mmFilasOpenMP,1500,8,21,846052
mmFilasOpenMP,1500,8,22,855556
mmFilasOpenMP,1500,8,23,829645
mmFilasOpenMP,1500,8,24,852608
mmFilasOpenMP,1500,8,25,847767
mmFilasOpenMP,1500,8,26,840886
mmFilasOpenMP,1500,8,27,882064
mmFilasOpenMP,1500,8,28,830606
mmFilasOpenMP,1500,8,29,838925
mmFilasOpenMP,1500,8,30,900698
mmFilasOpenMP,1500,12,1,863545
mmFilasOpenMP,1500,12,2,853636
mmFilasOpenMP,1500,12,3,864331
mmFilasOpenMP,1500,12,4,835737
mmFilasOpenMP,1500,12,5,844022
mmFilasOpenMP,1500,12,6,839095
mmFilasOpenMP,1500,12,7,821295
mmFilasOpenMP,1500,12,8,866021
mmFilasOpenMP,1500,12,9,875030
mmFilasOpenMP,1500,12,10,856058
mmFilasOpenMP,1500,12,11,874146
mmFilasOpenMP,1500,12,12,854445
mmFilasOpenMP,1500,12,13,867541
mmFilasOpenMP,1500,12,14,945958
mmFilasOpenMP,1500,12,15,874574
mmFilasOpenMP,1500,12,16,843214
mmFilasOpenMP,1500,12,17,893257
mmFilasOpenMP,1500,12,18,843848
mmFilasOpenMP,1500,12,19,845682
mmFilasOpenMP,1500,12,20,856234
mmFilasOpenMP,1500,12,21,842062
mmFilasOpenMP,1500,12,22,831979
mmFilasOpenMP,1500,12,23,835359
mmFilasOpenMP,1500,12,24,845693
mmFilasOpenMP,1500,12,25,819150
mmFilasOpenMP,1500,12,26,841408
mmFilasOpenMP,1500,12,27,835001
mmFilasOpenMP,1500,12,28,823107
mmFilasOpenMP,1500,12,29,906694
mmFilasOpenMP,1500,12,30,854266
mmFilasOpenMP,1500,16,1,815595
mmFilasOpenMP,1500,16,2,845083
mmFilasOpenMP,1500,16,3,863534
mmFilasOpenMP,1500,16,4,830829
mmFilasOpenMP,1500,16,5,842905
mmFilasOpenMP,1500,16,6,853864
mmFilasOpenMP,1500,16,7,848146
mmFilasOpenMP,1500,16,8,846862
mmFilasOpenMP,1500,16,9,853928
mmFilasOpenMP,1500,16,10,826064
mmFilasOpenMP,1500,16,11,828307
mmFilasOpenMP,1500,16,12,853366
mmFilasOpenMP,1500,16,13,828210
mmFilasOpenMP,1500,16,14,927969
mmFilasOpenMP,1500,16,15,820894
mmFilasOpenMP,1500,16,16,827388
mmFilasOpenMP,1500,16,17,846957
mmFilasOpenMP,1500,16,18,864188
mmFilasOpenMP,1500,16,19,837127
mmFilasOpenMP,1500,16,20,825898
mmFilasOpenMP,1500,16,21,836990
mmFilasOpenMP,1500,16,22,864694
mmFilasOpenMP,1500,16,23,835259
mmFilasOpenMP,1500,16,24,813592
mmFilasOpenMP,1500,16,25,866649
mmFilasOpenMP,1500,16,26,846505
mmFilasOpenMP,1500,16,27,828377
mmFilasOpenMP,1500,16,28,839267
mmFilasOpenMP,1500,16,29,844631
mmFilasOpenMP,1500,16,30,848633
